EC_number,bigg.metabolite
1.1.1.6,k
1.1.1.49,spmd
1.1.1.169,for
1.1.1.336,acgam1p
1.2.1.10,nad
1.2.1.21,pydx
1.2.1.21,pydx5p
1.2.1.21,pydxn
1.2.1.22,cys__l
1.4.1.4,amp
1.4.1.4,atp
1.4.1.4,utp
1.4.3.16,asp__l
1.6.1.1,adp
1.6.1.1,amp
1.6.1.1,atp
1.7.1.4,nad
1.7.1.4,nad
1.8.1.9,cys__l
1.8.1.9,cys__l
1.8.1.9,cys__l
1.8.1.9,pi
1.11.1.6,his__l
1.14.12.17,pheme
1.17.4.1,atp
1.17.4.1,atp
1.17.4.1,atp
1.17.4.1,atp
1.17.4.1,datp
1.17.4.1,datp
1.17.4.1,dctp
1.17.4.1,dgtp
1.17.4.1,dgtp
1.17.4.1,dgtp
1.17.4.1,dgtp
1.17.4.1,dttp
1.17.4.1,dttp
1.17.4.1,dttp
1.17.4.1,dttp
1.17.4.1,dttp
1.17.4.1,h2o2
2.1.1.10,cys__l
2.1.1.10,hcys__l
2.1.1.10,hom__l
2.1.1.10,cyst__l
2.1.1.13,k
2.1.1.13,na1
2.1.1.13,amet
2.1.1.13,amet
2.1.1.79,hco3
2.1.2.1,ser__l
2.1.3.2,adn
2.1.3.2,atp
2.1.3.2,atp
2.1.3.2,atp
2.1.3.2,atp
2.1.3.2,atp
2.1.3.2,ctp
2.1.3.2,ctp
2.1.3.2,mal__l
2.1.3.2,succ
2.1.3.2,utp
2.2.1.1,h2o2
2.2.1.9,thmpp
2.3.1.8,pyr
2.3.1.8,pyr
2.3.1.15,atp
2.3.1.41,pi
2.3.1.54,oxam
2.3.1.54,oxam
2.3.1.54,pyr
2.3.1.54,amet
2.3.1.54,amet
2.4.1.1,amp
2.4.1.21,cit
2.4.1.227,ca2
2.4.1.227,dmso
2.4.1.227,dmso
2.4.1.227,mg2
2.4.2.8,ac
2.4.2.9,gtp
2.4.2.9,gtp
2.4.2.9,gtp
2.4.2.14,prpp
2.5.1.6,amet
2.6.1.85,gln__l
2.6.1.85,4abz
2.7.1.11,adp
2.7.1.11,gdp
2.7.1.11,gdp
2.7.1.21,dcdp
2.7.1.21,dctp
2.7.1.21,gtp
2.7.1.25,cys__l
2.7.1.25,trdrd
2.7.1.40,fdp
2.7.1.40,fdp
2.7.1.40,g6p
2.7.1.40,pep
2.7.1.73,k
2.7.1.73,mg2
2.7.1.89,atp
2.7.1.107,pa160
2.7.1.107,ocdcea
2.7.1.107,hdca
2.7.1.107,ocdca
2.7.6.5,etoh
2.7.7.12,cys__l
2.7.7.12,cys__l
2.7.7.27,2ddg6p
2.7.7.27,2obut
2.7.7.27,3pg
2.7.7.27,3pg
2.7.7.27,3pg
2.7.7.27,adp
2.7.7.27,amp
2.7.7.27,amp
2.7.7.27,fdp
2.7.7.27,fdp
2.7.7.27,fdp
2.7.7.27,fdp
2.7.7.27,fdp
2.7.7.27,fdp
2.7.7.27,f6p
2.7.7.27,f6p
2.7.7.27,f6p
2.7.7.27,g6p
2.7.7.27,g6p
2.7.7.27,2dr5p
2.7.7.27,g3p
2.7.7.27,hpyr
2.7.7.27,nadp
2.7.7.27,nadph
2.7.7.27,pep
2.7.7.27,pep
2.7.7.27,pydx5p
2.7.7.27,pydx5p
2.7.7.27,pydx5p
2.7.7.27,pyr
2.7.7.27,s17bp
2.7.7.41,atp
3.1.3.11,cit
3.1.3.11,pep
3.1.3.11,pep
3.1.3.11,pep
3.1.3.11,so4
3.1.3.18,cl
3.1.3.25,mn2
3.2.2.4,atp
3.5.1.10,met__l
3.5.1.16,pi
3.5.4.1,ala__d
3.5.4.1,hom__l
3.5.4.1,gly
3.5.4.1,asp__l
3.5.4.1,asp__l
3.5.4.1,glu__l
3.5.4.1,glu__l
3.5.4.1,gln__l
3.5.4.1,gln__l
3.5.4.1,his__l
3.5.4.1,his__l
3.5.4.1,ile__l
3.5.4.1,leu__l
3.5.4.1,orn
3.5.4.1,phe__l
3.5.4.1,ser__l
3.5.4.1,thr__l
3.5.4.1,val__l
3.5.4.5,cytd
3.5.99.6,acgam6p
3.5.99.6,acgam6p
3.5.99.6,acgam6p
3.5.99.6,acgam6p
3.6.1.1,atp
3.6.3.5,pg160
3.6.3.5,pg180
3.6.3.5,cys__l
3.6.3.12,adp
3.6.3.12,atp
3.6.3.16,aso3
3.6.3.16,aso3
4.1.1.8,adp
4.1.1.8,amp
4.1.1.8,atp
4.1.1.15,cl
4.1.1.31,fdp
4.1.1.31,gtp
4.1.1.49,accoa
4.1.1.50,pyr
4.1.1.50,pyr
4.1.1.50,pyr
4.1.1.65,pyr
4.1.1.65,pyr
4.1.1.65,pyr
4.1.1.65,pyr
4.1.1.98,lipoate
4.1.1.98,meoh
4.1.2.13,akg
4.1.2.13,cit
4.1.2.13,pep
4.1.2.13,glyc3p
4.1.3.6,pnto__r
4.2.1.7,cys__l
4.2.1.47,nadph
4.2.1.79,ppa
4.2.3.3,2pglyc
4.3.1.1,dmso
4.3.1.1,glyc
4.3.1.1,asp__l
4.3.1.19,val__l
5.1.1.3,uama
5.1.1.3,uama
5.1.3.2,udp
5.1.3.2,ump
5.1.3.14,uacgam
5.1.3.14,uacgam
5.4.2.7,r15bp
5.4.2.7,r15bp
5.4.3.8,etha
5.4.99.9,nadph
6.1.1.5,spmd
6.1.1.5,spmd
6.1.1.19,spmd
6.3.1.2,glyb
6.3.1.2,inost
6.3.1.2,pro__l
6.3.2.10,ac
6.3.2.10,but
6.3.2.10,for
6.3.2.10,ppa
6.3.4.2,dgtp
6.3.4.2,gtp
6.3.4.2,gtp
6.3.4.2,gtp
6.3.4.2,gtp
6.3.4.2,gtp
6.3.4.2,gtp
6.3.4.2,itp
6.3.5.5,gtp
6.3.5.5,imp
6.3.5.5,imp
6.3.5.5,imp
6.3.5.5,imp
6.3.5.5,imp
6.3.5.5,imp
6.3.5.5,itp
6.3.5.5,orn
6.3.5.5,orn
6.3.5.5,orn
6.3.5.5,orn
6.3.5.5,orn
6.3.5.5,orn
6.3.5.5,acglu
6.3.5.5,orn
6.3.5.5,orn
6.3.5.5,orn
6.3.5.5,orn
6.3.5.5,k
6.3.5.5,xmp
6.4.1.2,btn
6.4.1.2,btn
6.4.1.2,cit
1.1.1.3,hom__l
1.1.1.3,cys__l
1.1.1.3,ser__l
1.1.1.3,thr__l
1.1.1.3,nadp
1.1.1.6,cu2
1.1.1.6,fe3
1.1.1.6,zn2
1.1.1.22,nadh
1.1.1.22,udpglcur
1.1.1.23,urea
1.1.1.28,adp
1.1.1.28,atp
1.1.1.28,oxam
1.1.1.40,ca2
1.1.1.40,cobalt2
1.1.1.40,cu2
1.1.1.40,mg2
1.1.1.40,zn2
1.1.1.42,pep
1.1.1.44,atp
1.1.1.44,fdp
1.1.1.44,nadph
1.1.1.49,atp
1.1.1.49,cd2
1.1.1.49,cobalt2
1.1.1.49,cu2
1.1.1.49,hg2
1.1.1.49,mn2
1.1.1.49,nadh
1.1.1.49,nadph
1.1.1.49,nadph
1.1.1.49,nadph
1.1.1.57,atp
1.1.1.57,atp
1.1.1.57,altrn
1.1.1.57,altrn
1.1.1.57,altrn
1.1.1.57,mana
1.1.1.57,nad
1.1.1.58,atp
1.1.1.58,fruur
1.1.1.58,mana
1.1.1.86,mn2
1.1.1.86,nadp
1.1.1.86,nadph
1.1.1.94,adp
1.1.1.94,adprib
1.1.1.94,amp
1.1.1.94,atp
1.1.1.94,dhap
1.1.1.94,glyc3p
1.1.1.94,g3p
1.1.1.94,2pg
1.1.1.94,glyc3p
1.1.1.94,nad
1.1.1.94,nadp
1.1.1.94,nadp
1.1.1.94,nadph
1.1.1.94,nmn
1.1.1.94,pmtcoa
1.1.1.94,pep
1.1.1.94,glyc3p
1.1.1.94,glyc3p
1.1.1.95,3pg
1.1.1.95,ag
1.1.1.95,ala_b
1.1.1.95,gly
1.1.1.95,ala__l
1.1.1.95,athr__l
1.1.1.95,hom__l
1.1.1.95,ser__l
1.1.1.95,ser__l
1.1.1.95,ser__l
1.1.1.95,ser__l
1.1.1.95,ser__l
1.1.1.95,ser__l
1.1.1.95,ser__l
1.1.1.95,ser__l
1.1.1.95,ser__l
1.1.1.95,thr__l
1.1.1.95,nadh
1.1.1.100,nadp
1.1.1.140,man6p
1.1.1.169,adp
1.1.1.169,amp
1.1.1.169,atp
1.1.1.169,nadp
1.1.1.169,pant__r
1.1.1.169,pi
1.1.1.205,adp
1.1.1.205,amp
1.1.1.205,atp
1.1.1.205,ca2
1.1.1.205,gdp
1.1.1.205,gmp
1.1.1.205,gmp
1.1.1.205,gmp
1.1.1.205,gmp
1.1.1.205,gtp
1.1.1.205,mg2
1.1.1.205,mg2
1.1.1.205,na1
1.1.1.205,na1
1.1.1.205,xmp
1.1.1.267,cu2
1.1.1.267,fe2
1.1.1.271,gdp
1.1.1.271,nadp
1.1.99.33,for
1.1.99.33,no3
1.1.99.33,no2
1.2.1.3,ag
1.2.1.3,cobalt2
1.2.1.3,cu2
1.2.1.3,fe2
1.2.1.3,hg2
1.2.1.3,k
1.2.1.3,mg2
1.2.1.3,mn2
1.2.1.3,na1
1.2.1.3,ni2
1.2.1.3,zn2
1.2.1.8,acald
1.2.1.8,betald
1.2.1.8,ca2
1.2.1.8,chol
1.2.1.8,etha
1.2.1.8,hg2
1.2.1.8,sarcs
1.2.1.8,nadp
1.2.1.8,pacald
1.2.1.10,acald
1.2.1.10,adprib
1.2.1.10,amp
1.2.1.11,fald
1.2.1.11,gthox
1.2.1.11,k
1.2.1.11,na1
1.2.1.11,tungs
1.2.1.21,fe2
1.2.1.21,gcald
1.2.1.21,glyclt
1.2.1.21,mn2
1.2.1.21,pydx
1.2.1.21,pydam
1.2.1.21,pyam5p
1.2.1.21,pydxn
1.2.1.21,pdx5p
1.2.1.21,zn2
1.2.1.22,ca2
1.2.1.22,cu2
1.2.1.22,cu2
1.2.1.22,gcald
1.2.1.22,lald__l
1.2.1.22,mthgxl
1.2.1.22,mg2
1.2.1.22,mg2
1.2.1.22,mn2
1.2.1.22,zn2
1.2.1.38,cu2
1.2.1.38,fe2
1.2.1.38,mn2
1.2.1.38,ni2
1.2.1.38,zn2
1.2.1.41,cobalt2
1.2.1.41,cu2
1.2.1.41,nadph
1.2.1.41,ni2
1.2.1.70,cobalt2
1.2.1.70,ni2
1.2.4.1,acald
1.2.4.1,accoa
1.2.4.1,2obut
1.2.4.1,hpyr
1.2.4.1,glx
1.2.4.1,lac__l
1.2.4.1,phpyr
1.3.1.9,indole
1.3.1.9,pmtcoa
1.3.1.10,pmtcoa
1.3.1.98,adp
1.3.1.98,adprib
1.3.1.98,nadp
1.3.1.98,nadp
1.3.1.98,nadph
1.3.1.98,udp
1.3.1.98,uaccg
1.3.1.98,uacgam
1.3.3.3,ppp9
1.3.99.22,h2o2
1.4.1.4,amp
1.4.1.4,ca2
1.4.1.4,hom__l
1.4.1.4,pydx5p
1.4.1.4,urea
1.4.1.4,zn2
1.4.1.13,adp
1.4.1.13,atp
1.4.1.13,acon_c
1.4.1.13,ctp
1.4.1.13,glu__d
1.4.1.13,met__d
1.4.1.13,gly
1.4.1.13,gtp
1.4.1.13,icit
1.4.1.13,itp
1.4.1.13,ala__l
1.4.1.13,asn__l
1.4.1.13,asp__l
1.4.1.13,cys__l
1.4.1.13,glu__l
1.4.1.13,glu__l
1.4.1.13,his__l
1.4.1.13,hom__l
1.4.1.13,mal__l
1.4.1.13,met__l
1.4.1.13,ser__l
1.4.1.13,nadp
1.4.1.13,nadp
1.4.1.13,nadph
1.4.1.13,oaa
1.4.1.13,pyr
1.4.1.13,succ
1.4.1.13,utp
1.4.3.5,pydx5p
1.4.3.5,pydx5p
1.4.3.5,pydx5p
1.4.3.5,pdx5p
1.4.3.16,asp__l
1.4.3.16,nad
1.4.3.16,urea
1.5.1.2,nadh
1.5.1.2,nadp
1.5.1.2,nadph
1.5.1.2,pro__l
1.5.1.3,ca2
1.5.1.3,cl
1.5.1.3,ptrc
1.5.1.3,15dap
1.5.1.3,k
1.5.1.3,mg2
1.5.1.3,na1
1.5.1.3,spmd
1.5.1.3,urea
1.5.1.5,atp
1.5.1.5,gtp
1.5.1.20,mlthf
1.5.1.20,mlthf
1.5.1.20,nadh
1.6.1.1,ca2
1.6.1.1,cobalt2
1.6.1.1,cu2
1.6.1.1,dmso
1.6.1.1,mn2
1.6.1.1,nadph
1.6.1.1,ni2
1.6.1.1,zn2
1.7.1.4,aso3
1.7.1.4,aso3
1.7.1.4,cyan
1.7.1.4,cyan
1.7.1.4,nad
1.7.1.4,nad
1.7.1.4,nadp
1.7.1.4,so3
1.7.1.7,amp
1.7.1.7,atp
1.7.1.7,imp
1.7.99.4,cyan
1.7.99.4,h2s
1.8.1.2,aso3
1.8.1.2,ca2
1.8.1.2,cd2
1.8.1.2,cl
1.8.1.2,cyan
1.8.1.2,cobalt2
1.8.1.2,cu2
1.8.1.2,fe2
1.8.1.2,fe3
1.8.1.2,hg2
1.8.1.2,mn2
1.8.1.2,nadp
1.8.1.2,no3
1.8.1.2,so4
1.8.1.2,h2s
1.8.1.2,zn2
1.8.1.9,aso3
1.8.1.9,ca2
1.8.1.9,nadp
1.8.4.8,pap
1.8.4.8,gthox
1.11.1.6,h2o2
1.11.1.6,h2o2
1.13.11.16,h2o2
1.14.11.17,cobalt2
1.14.11.17,cobalt2
1.14.11.17,cu2
1.14.11.17,ni2
1.14.11.17,zn2
1.14.12.17,no
1.15.1.1,h2o2
1.15.1.1,h2s
1.16.3.1,zn2
1.17.1.2,ca2
1.17.1.2,cobalt2
1.17.1.2,cobalt2
1.17.1.2,fe2
1.17.1.2,mg2
1.17.1.2,mn2
1.17.1.2,ni2
1.17.1.2,zn2
1.17.4.1,cdp
1.17.4.1,cobalt2
1.17.4.1,datp
1.17.4.1,datp
1.17.4.1,datp
1.17.4.1,datp
1.17.4.1,dgtp
1.17.4.1,dttp
1.17.4.1,cbm
1.17.4.1,gdp
1.17.4.1,udp
1.17.4.1,udp
2.1.1.10,met__l
2.1.1.10,met__l
2.1.1.10,ahcys
2.1.1.10,amet
2.1.1.45,mlthf
2.1.1.45,dhf
2.1.1.45,glu__l
2.1.1.45,glyc
2.1.1.45,dtmp
2.1.1.79,ahcys
2.1.1.79,ahcys
2.1.1.144,acon_t
2.1.2.1,ala__d
2.1.2.1,urea
2.1.2.11,coa
2.1.2.11,fald
2.1.2.11,fald
2.1.2.11,val__l
2.1.2.11,pant__r
2.1.2.11,pnto__r
2.1.2.11,pyr
2.1.2.11,thf
2.1.2.11,thf
2.1.3.2,ac
2.1.3.2,asp__l
2.1.3.2,cl
2.1.3.2,ctp
2.1.3.2,ctp
2.1.3.2,ctp
2.1.3.2,ctp
2.1.3.2,ctp
2.1.3.2,ctp
2.1.3.2,ctp
2.1.3.2,ctp
2.1.3.2,ctp
2.1.3.2,cytd
2.1.3.2,dctp
2.1.3.2,ppi
2.1.3.2,fum
2.1.3.2,gtp
2.1.3.2,gtp
2.1.3.2,ins
2.1.3.2,itp
2.1.3.2,asp__l
2.1.3.2,mal__l
2.1.3.2,succ
2.1.3.2,utp
2.1.3.2,utp
2.1.3.2,utp
2.1.3.2,utp
2.1.3.2,utp
2.1.3.2,utp
2.1.3.2,utp
2.1.3.3,aso4
2.1.3.3,gly
2.1.3.3,ala__l
2.1.3.3,asn__l
2.1.3.3,ile__l
2.1.3.3,leu__l
2.1.3.3,lys__l
2.1.3.3,ser__l
2.1.3.3,val__l
2.1.3.3,met__l
2.1.3.3,orn
2.1.3.3,pi
2.2.1.1,ara5p
2.2.1.1,urea
2.2.1.2,ara5p
2.2.1.2,lald__d
2.2.1.2,ppi
2.2.1.2,pi
2.2.1.2,so4
2.2.1.6,2obut
2.2.1.6,glx
2.2.1.6,hpyr
2.2.1.6,ile__l
2.2.1.6,ile__l
2.2.1.6,leu__l
2.2.1.6,leu__l
2.2.1.6,leu__l
2.2.1.6,leu__l
2.2.1.6,val__l
2.2.1.6,val__l
2.2.1.6,val__l
2.2.1.6,val__l
2.2.1.6,val__l
2.2.1.6,val__l
2.2.1.6,val__l
2.2.1.6,val__l
2.2.1.7,glyald
2.2.1.7,g3p
2.2.1.7,pyr
2.3.1.1,arg__l
2.3.1.1,arg__l
2.3.1.1,cd2
2.3.1.1,coa
2.3.1.1,cu2
2.3.1.1,hg2
2.3.1.1,citr__l
2.3.1.1,acglu
2.3.1.1,acglu
2.3.1.1,zn2
2.3.1.9,aacoa
2.3.1.15,ca2
2.3.1.15,mg2
2.3.1.15,ocdcea
2.3.1.15,hdcea
2.3.1.15,pmtcoa
2.3.1.15,pi
2.3.1.30,atp
2.3.1.30,coa
2.3.1.30,cys__l
2.3.1.30,cys__l
2.3.1.30,gly
2.3.1.30,gly
2.3.1.30,ala__l
2.3.1.30,cys__l
2.3.1.30,cys__l
2.3.1.30,ser__l
2.3.1.41,accoa
2.3.1.41,urea
2.3.1.46,met__d
2.3.1.46,met__l
2.3.1.46,met__l
2.3.1.46,amet
2.3.1.46,amet
2.3.1.47,8aonn
2.3.1.47,cys__l
2.3.1.54,o2
2.3.1.54,for
2.3.1.54,ahcys
2.3.1.79,coa
2.3.1.129,u3aga
2.3.1.129,uacgam
2.3.1.157,acgam1p
2.3.1.157,uamr
2.3.1.180,cinnm
2.3.1.191,ca2
2.3.1.191,mg2
2.3.1.241,dcacoa
2.3.1.241,tdcoa
2.3.3.9,oxa
2.3.3.9,pyr
2.3.3.9,pyr
2.3.3.16,akg
2.3.3.16,nadh
2.3.3.16,nadh
2.3.3.16,oaa
2.4.1.1,adpglc
2.4.1.1,ag
2.4.1.1,aso4
2.4.1.1,ca2
2.4.1.1,cyan
2.4.1.1,cu2
2.4.1.1,glc__d
2.4.1.1,fe2
2.4.1.1,g1p
2.4.1.1,hg2
2.4.1.1,dtdpglu
2.4.1.1,udpg
2.4.1.1,zn2
2.4.1.227,meoh
2.4.1.227,ni2
2.4.1.227,udp
2.4.1.227,udp
2.4.1.227,zn2
2.4.2.1,adn
2.4.2.1,dad_2
2.4.2.1,gua
2.4.2.3,pi
2.4.2.3,r1p
2.4.2.3,ura
2.4.2.3,uri
2.4.2.4,r1p
2.4.2.4,so4
2.4.2.4,uri
2.4.2.4,xan
2.4.2.8,amp
2.4.2.8,imp
2.4.2.8,ca2
2.4.2.8,ppgpp
2.4.2.8,zn2
2.4.2.9,prpp
2.4.2.9,dutp
2.4.2.10,ade
2.4.2.10,adn
2.4.2.10,adp
2.4.2.10,amp
2.4.2.10,atp
2.4.2.10,utp
2.4.2.10,zn2
2.4.2.14,adp
2.4.2.14,amp
2.4.2.14,amp
2.4.2.14,gdp
2.4.2.14,gmp
2.4.2.14,gmp
2.4.2.14,gtp
2.4.2.14,imp
2.4.2.14,xmp
2.4.2.17,amp
2.4.2.17,amp
2.4.2.17,atp
2.4.2.17,his__l
2.4.2.17,his__l
2.4.2.18,trp__l
2.4.2.18,trp__l
2.4.2.19,fdp
2.4.2.19,ppi
2.4.2.19,nicrnt
2.4.99.12,lipa
2.4.99.13,lipa
2.5.1.3,actp
2.5.1.3,actp
2.5.1.3,adp
2.5.1.3,adp
2.5.1.3,atp
2.5.1.3,atp
2.5.1.3,ctp
2.5.1.3,ctp
2.5.1.3,ppi
2.5.1.3,ppi
2.5.1.3,gtp
2.5.1.3,gtp
2.5.1.3,pep
2.5.1.3,pep
2.5.1.3,utp
2.5.1.3,utp
2.5.1.6,ppi
2.5.1.6,gtp
2.5.1.6,pi
2.5.1.6,amet
2.5.1.6,pppi
2.5.1.6,pppi
2.5.1.7,cobalt2
2.5.1.7,cu2
2.5.1.7,fe2
2.5.1.7,uamr
2.5.1.7,uamr
2.5.1.7,uamr
2.5.1.7,uama
2.5.1.7,uamag
2.5.1.7,ugmda
2.5.1.7,zn2
2.5.1.15,dhpt
2.5.1.16,5mta
2.5.1.16,ametam
2.5.1.16,spmd
2.5.1.16,spmd
2.5.1.19,3psme
2.5.1.19,pep
2.5.1.19,pyr
2.5.1.39,ca2
2.5.1.39,cd2
2.5.1.39,cu2
2.5.1.39,fe2
2.5.1.39,zn2
2.5.1.54,2pg
2.5.1.54,2dda7p
2.5.1.54,cyan
2.5.1.54,cu2
2.5.1.54,e4p
2.5.1.54,fdp
2.5.1.54,s17bp
2.5.1.54,s7p
2.5.1.54,fe2
2.5.1.54,phe__l
2.5.1.54,phe__l
2.5.1.54,phe__l
2.5.1.54,phe__l
2.5.1.54,phe__l
2.5.1.54,phe__l
2.5.1.54,pi
2.5.1.54,trp__l
2.5.1.54,tyr__l
2.5.1.54,tyr__l
2.5.1.54,tyr__l
2.5.1.54,tyr__l
2.5.1.55,cd2
2.5.1.55,cd2
2.5.1.55,cu2
2.5.1.55,cu2
2.5.1.55,hg2
2.5.1.55,hg2
2.5.1.55,pi
2.5.1.55,zn2
2.5.1.55,zn2
2.5.1.72,h2o2
2.5.1.72,o2
2.6.1.11,cu2
2.6.1.11,orn
2.6.1.16,sbt6p
2.6.1.16,gam6p
2.6.1.16,gam6p
2.6.1.16,1pyr5c
2.6.1.16,23dappa
2.6.1.17,akg
2.6.1.19,akg
2.6.1.19,succ
2.6.1.29,cyan
2.6.1.42,akg
2.6.1.42,akg
2.6.1.42,akg
2.6.1.62,8aonn
2.6.1.62,8aonn
2.6.1.62,8aonn
2.6.1.62,ade
2.6.1.62,adn
2.6.1.62,adn
2.6.1.62,ahcys
2.6.1.66,ala__l
2.6.1.66,ala__l
2.6.1.66,leu__l
2.6.1.66,leu__l
2.7.1.11,atp
2.7.1.11,atp
2.7.1.11,atp
2.7.1.11,cit
2.7.1.11,cit
2.7.1.11,cit
2.7.1.11,f1p
2.7.1.11,f6p
2.7.1.11,pep
2.7.1.11,pep
2.7.1.11,pep
2.7.1.15,atp
2.7.1.15,atp
2.7.1.15,rib__d
2.7.1.15,mg2
2.7.1.21,ade
2.7.1.21,ac
2.7.1.21,cl
2.7.1.21,dttp
2.7.1.21,dttp
2.7.1.21,k
2.7.1.21,na1
2.7.1.23,nadh
2.7.1.23,nadh
2.7.1.23,nadp
2.7.1.23,nadph
2.7.1.23,nadph
2.7.1.25,aps
2.7.1.25,adp
2.7.1.25,atp
2.7.1.25,cd2
2.7.1.25,cobalt2
2.7.1.25,fad
2.7.1.25,mn2
2.7.1.25,gthox
2.7.1.30,adp
2.7.1.30,atp
2.7.1.30,fdp
2.7.1.30,fdp
2.7.1.30,fdp
2.7.1.30,fdp
2.7.1.30,fdp
2.7.1.30,fdp
2.7.1.30,glyc3p
2.7.1.33,aacoa
2.7.1.33,accoa
2.7.1.33,adp
2.7.1.33,amp
2.7.1.33,coa
2.7.1.33,coa
2.7.1.33,coa
2.7.1.33,coa
2.7.1.33,dpcoa
2.7.1.33,malcoa
2.7.1.33,pmtcoa
2.7.1.33,pan4p
2.7.1.33,succoa
2.7.1.39,aspsa
2.7.1.39,cys__l
2.7.1.39,glu__l
2.7.1.39,hcys__l
2.7.1.39,hom__l
2.7.1.39,hom__l
2.7.1.39,hom__l
2.7.1.39,ile__l
2.7.1.39,met__l
2.7.1.39,ser__l
2.7.1.39,thr__l
2.7.1.39,thr__l
2.7.1.39,thr__l
2.7.1.39,val__l
2.7.1.39,pser__l
2.7.1.39,pydx5p
2.7.1.40,ca2
2.7.1.45,mn2
2.7.1.48,ctp
2.7.1.48,utp
2.7.1.49,4ahmmp
2.7.1.49,pydxn
2.7.1.56,adp
2.7.1.56,fdp
2.7.1.59,adp
2.7.1.69,g6p
2.7.1.69,glc__d
2.7.1.69,mnl1p
2.7.1.73,cu2
2.7.1.73,gdp
2.7.1.73,gtp
2.7.1.73,zn2
2.7.1.107,ca2
2.7.2.4,glu__l
2.7.2.4,hom__l
2.7.2.4,lys__l
2.7.2.4,lys__l
2.7.2.4,mal__l
2.7.2.4,thr__l
2.7.2.4,thr__l
2.7.2.4,succ
2.7.2.8,arg__l
2.7.2.8,atp
2.7.2.11,adp
2.7.2.11,pro__l
2.7.2.11,pro__l
2.7.4.3,amp
2.7.4.3,ap5a
2.7.4.3,ap5a
2.7.4.3,ap5a
2.7.4.9,dctp
2.7.4.9,dttp
2.7.4.9,dump
2.7.4.16,adp
2.7.4.16,amp
2.7.4.16,ppi
2.7.4.16,na1
2.7.4.16,thm
2.7.6.1,adp
2.7.6.1,adp
2.7.6.1,ca2
2.7.6.1,ca2
2.7.7.3,coa
2.7.7.3,dpcoa
2.7.7.3,ppi
2.7.7.3,pan4p
2.7.7.9,dtdpglu
2.7.7.9,dtdprmn
2.7.7.12,gal1p
2.7.7.12,gal1p
2.7.7.12,g1p
2.7.7.12,udpgal
2.7.7.12,udpgal
2.7.7.12,udpg
2.7.7.18,nad
2.7.7.23,uacgam
2.7.7.24,dtdpglu
2.7.7.24,dttp
2.7.7.27,adp
2.7.7.27,adp
2.7.7.27,amp
2.7.7.27,amp
2.7.7.27,gtp
2.7.7.27,pi
2.7.7.27,pi
2.7.7.27,pi
2.7.7.27,pep
2.7.7.27,tre6p
2.7.7.38,ppi
2.7.7.38,hg2
2.7.7.41,ctp
2.7.7.41,ctp
2.7.7.41,dctp
2.7.7.60,ctp
2.7.7.63,cu2
2.7.8.5,ca2
2.7.8.5,glyc3p
2.7.8.5,mg2
2.7.8.7,apoacp
2.7.8.7,apoacp
2.7.9.2,akg
2.7.9.2,g3p
2.7.9.2,g3p
2.7.9.2,adp
2.7.9.2,adpglc
2.7.9.2,amp
2.7.9.2,atp
2.7.9.2,ca2
2.7.9.2,mg2
2.7.9.2,mn2
2.7.9.2,oaa
2.7.9.2,pep
2.7.9.3,amp
2.7.9.3,h2o2
2.7.9.3,na1
2.7.9.3,pi
2.7.9.3,selnp
2.7.9.3,zn2
2.7.9.3,zn2
2.8.1.1,cyan
2.8.1.1,so3
2.8.1.1,tsul
2.8.1.2,cyan
2.8.1.2,cys__l
2.8.1.2,pyr
2.8.3.16,accoa
2.8.3.16,coa
2.8.3.16,oxa
3.1.1.5,fe2
3.1.1.5,fe3
3.1.3.5,amp
3.1.3.5,adp
3.1.3.5,atp
3.1.3.5,atp
3.1.3.5,ctp
3.1.3.5,datp
3.1.3.5,dctp
3.1.3.5,dgtp
3.1.3.5,dttp
3.1.3.5,gtp
3.1.3.5,itp
3.1.3.5,dttp
3.1.3.5,utp
3.1.3.6,atp
3.1.3.6,ctp
3.1.3.6,datp
3.1.3.6,dctp
3.1.3.6,dgtp
3.1.3.6,dttp
3.1.3.6,gtp
3.1.3.6,itp
3.1.3.6,dttp
3.1.3.6,utp
3.1.3.7,mg2
3.1.3.11,adp
3.1.3.11,amp
3.1.3.11,amp
3.1.3.11,amp
3.1.3.11,amp
3.1.3.11,amp
3.1.3.11,atp
3.1.3.11,atp
3.1.3.11,fdp
3.1.3.11,f1p
3.1.3.11,g6p
3.1.3.11,fdp
3.1.3.11,pi
3.1.3.11,pi
3.1.3.11,pep
3.1.3.15,ca2
3.1.3.25,ca2
3.1.3.25,mg2
3.1.3.27,hg2
3.1.3.27,pi
3.1.3.27,pi
3.1.3.45,ca2
3.1.3.45,cd2
3.1.3.45,cl
3.1.3.45,cu2
3.1.3.45,hg2
3.1.3.89,adp
3.1.3.89,atp
3.1.3.89,ctp
3.1.3.89,datp
3.1.3.89,dctp
3.1.3.89,dgtp
3.1.3.89,dttp
3.1.3.89,gtp
3.1.3.89,itp
3.1.3.89,dttp
3.1.3.89,utp
3.1.4.16,amp
3.1.4.16,pi
3.1.4.16,zn2
3.1.4.16,zn2
3.1.4.46,mg2
3.1.4.46,mn2
3.1.5.1,dgtp
3.1.5.1,gtp
3.2.1.20,cu2
3.2.1.20,hg2
3.2.1.20,k
3.2.1.23,ag
3.2.1.23,ca2
3.2.1.23,hco3
3.2.1.23,cd2
3.2.1.23,cl
3.2.1.23,cit
3.2.1.23,cit
3.2.1.23,cu2
3.2.1.23,gal
3.2.1.23,etha
3.2.1.23,fe2
3.2.1.23,hg2
3.2.1.23,zn2
3.2.1.28,k
3.2.1.28,na1
3.2.1.86,camp
3.2.1.86,amp
3.2.1.86,atp
3.2.1.86,cmp
3.2.1.86,glyc3p
3.2.1.86,fdp
3.2.1.86,nadh
3.2.1.86,pep
3.2.2.4,pi
3.2.2.4,pi
3.2.2.4,so4
3.2.2.9,5mta
3.2.2.9,ade
3.2.2.9,ade
3.2.2.9,ade
3.2.2.9,adn
3.2.2.9,ahcys
3.2.2.9,ahcys
3.4.13.18,cobalt2
3.4.13.18,cys__l
3.4.13.18,mn2
3.4.16.4,fald
3.5.1.10,gly
3.5.1.16,ac
3.5.1.16,cu2
3.5.1.16,ni2
3.5.1.16,orn
3.5.1.16,zn2
3.5.1.25,ac
3.5.1.25,ac
3.5.1.25,f6p
3.5.1.25,gam6p
3.5.1.25,gam6p
3.5.1.25,acgam6p
3.5.1.108,zn2
3.5.1.108,zn2
3.5.3.11,arg__l
3.5.3.11,cobalt2
3.5.3.11,ni2
3.5.3.11,orn
3.5.3.11,ptrc
3.5.3.11,ptrc
3.5.3.11,ptrc
3.5.3.11,zn2
3.5.4.1,ag
3.5.4.1,cu2
3.5.4.1,cu2
3.5.4.1,h2o2
3.5.4.1,hg2
3.5.4.1,zn2
3.5.4.1,zn2
3.5.4.2,mn2
3.5.4.5,adn
3.5.4.5,adn
3.5.4.5,cu2
3.5.4.5,dad_2
3.5.4.5,dad_2
3.5.4.5,dad_2
3.5.4.5,dgsn
3.5.4.5,dgsn
3.5.4.5,duri
3.5.4.5,duri
3.5.4.5,fe2
3.5.4.5,fe3
3.5.4.5,gsn
3.5.4.5,gsn
3.5.4.5,uri
3.5.4.5,urea
3.5.4.5,uri
3.5.4.5,uri
3.5.4.5,uri
3.5.4.5,zn2
3.5.4.13,dttp
3.5.4.16,adp
3.5.4.16,atp
3.5.4.16,atp
3.5.4.16,cu2
3.5.4.16,dgtp
3.5.4.16,dgtp
3.5.4.16,fe2
3.5.4.16,hg2
3.5.4.16,mn2
3.5.4.16,pi
3.5.4.16,pi
3.5.4.16,dttp
3.5.4.16,utp
3.5.4.16,utp
3.5.4.25,ppi
3.5.4.25,ppi
3.5.4.25,ppi
3.5.4.25,ppi
3.5.4.25,pi
3.5.99.6,f6p
3.5.99.6,zn2
3.6.1.1,atp
3.6.1.1,cynt
3.6.1.1,ppi
3.6.1.19,atp
3.6.1.19,ctp
3.6.1.19,datp
3.6.1.19,dctp
3.6.1.19,dgtp
3.6.1.19,dttp
3.6.1.19,utp
3.6.1.21,3pg
3.6.1.21,adp
3.6.1.21,amp
3.6.1.21,atp
3.6.1.21,ppi
3.6.1.23,mg2
3.6.1.26,adp
3.6.1.26,amp
3.6.1.26,atp
3.6.1.26,camp
3.6.1.26,cmp
3.6.1.26,gmp
3.6.1.26,ump
3.6.1.41,cu2
3.6.1.41,fe2
3.6.1.41,zn2
3.6.1.41,zn2
3.6.1.45,adpglc
3.6.1.67,dhpmp
3.6.1.67,ppi
3.6.1.67,dttp
3.6.3.2,mn2
3.6.3.5,cd2
3.6.3.5,cu2
3.6.3.12,adp
3.6.3.12,ca2
3.6.3.12,na1
3.6.3.14,adp
3.6.3.14,ca2
3.6.3.14,ppi
3.6.3.14,hg2
3.6.3.14,pi
3.6.3.16,atp
3.6.3.20,pydx5p
3.6.3.31,spmd
3.6.3.31,spmd
4.1.1.8,accoa
4.1.1.8,coa
4.1.1.15,cd2
4.1.1.15,cu2
4.1.1.15,fe2
4.1.1.15,hg2
4.1.1.15,zn2
4.1.1.18,gdp
4.1.1.18,gtp
4.1.1.18,ppgpp
4.1.1.18,ppgpp
4.1.1.18,gdptp
4.1.1.19,ag
4.1.1.19,agm
4.1.1.19,citr__l
4.1.1.19,citr__l
4.1.1.19,arg__l
4.1.1.19,lys__l
4.1.1.19,orn
4.1.1.19,pydx
4.1.1.19,spmd
4.1.1.19,urea
4.1.1.20,23dappa
4.1.1.20,glu__l
4.1.1.20,lys__l
4.1.1.20,lys__l
4.1.1.23,ump
4.1.1.23,xmp
4.1.1.31,asp__l
4.1.1.31,cit
4.1.1.31,cys__l
4.1.1.31,fum
4.1.1.31,succ
4.1.1.36,pydx
4.1.1.36,pydx5p
4.1.1.49,atp
4.1.1.49,fdp
4.1.1.49,f6p
4.1.1.49,dhap
4.1.1.49,3pg
4.1.1.49,mg2
4.1.1.49,nadh
4.1.1.49,oxa
4.1.1.50,ametam
4.1.1.50,ametam
4.1.1.50,cyan
4.1.1.50,amet
4.1.1.85,6pgc
4.1.2.4,ppal
4.1.2.13,3pg
4.1.2.13,cys__l
4.1.2.13,dhap
4.1.2.13,ppi
4.1.2.13,g3p
4.1.2.13,g3p
4.1.2.13,dhap
4.1.2.13,ni2
4.1.2.17,mthgxl
4.1.2.17,zn2
4.1.2.19,cobalt2
4.1.2.19,cobalt2
4.1.2.19,ni2
4.1.2.19,ni2
4.1.2.19,pi
4.1.2.19,so4
4.1.2.20,cyan
4.1.2.20,ppi
4.1.2.25,6hmhpt
4.1.2.25,dhf
4.1.2.25,dhf
4.1.2.25,dhpt
4.1.3.1,akg
4.1.3.1,3pg
4.1.3.1,ca2
4.1.3.1,cl
4.1.3.1,glyclt
4.1.3.1,glyclt
4.1.3.1,glx
4.1.3.1,oxa
4.1.3.1,pi
4.1.3.1,pep
4.1.3.1,pep
4.1.3.1,so4
4.1.3.1,succ
4.1.3.3,ag
4.1.3.3,cu2
4.1.3.3,cu2
4.1.3.3,cu2
4.1.3.3,dha
4.1.3.3,fe2
4.1.3.3,hg2
4.1.3.3,hg2
4.1.3.3,h2o2
4.1.3.3,mn2
4.1.3.3,pyr
4.1.3.3,pyr
4.1.3.3,zn2
4.1.3.6,oaa
4.1.3.27,trp__l
4.1.3.27,trp__l
4.1.3.27,4hbz
4.1.3.39,2obut
4.1.3.39,4mop
4.1.3.39,glx
4.1.3.39,pyr
4.1.3.40,4hbz
4.1.99.1,ala__l
4.1.99.1,ala__l
4.1.99.1,ala__l
4.1.99.1,ala__l
4.1.99.1,ala__l
4.1.99.1,met__l
4.1.99.1,met__l
4.1.99.1,phe__l
4.1.99.1,trp__l
4.1.99.1,trp__l
4.1.99.1,trp__l
4.1.99.1,met__l
4.1.99.1,phe__l
4.2.1.2,tartr__l
4.2.1.2,acon_c
4.2.1.2,cit
4.2.1.2,glyc
4.2.1.2,acon_t
4.2.1.7,glcr
4.2.1.7,fe2
4.2.1.9,cu2
4.2.1.9,no
4.2.1.9,no
4.2.1.10,ac
4.2.1.10,cl
4.2.1.10,cu2
4.2.1.10,tartr__d
4.2.1.10,fe2
4.2.1.10,succ
4.2.1.10,zn2
4.2.1.12,h2o2
4.2.1.12,o2
4.2.1.24,glc__d
4.2.1.24,xyl__d
4.2.1.40,cobalt2
4.2.1.40,galct__d
4.2.1.40,mn2
4.2.1.42,cit
4.2.1.42,ppi
4.2.1.42,pi
4.2.1.46,ag
4.2.1.46,dtdp
4.2.1.46,dttp
4.2.1.47,gdp
4.2.1.47,gdpfuc
4.2.1.47,gdpfuc
4.2.3.1,4hthr
4.2.3.1,4hthr
4.2.3.3,2pg
4.2.3.3,2pglyc
4.2.3.3,3pg
4.2.3.3,aso4
4.2.3.3,ppi
4.2.3.3,pi
4.2.3.3,pi
4.2.3.3,pep
4.2.3.4,2dda7p
4.2.3.5,fe2
4.3.1.1,aspsa
4.3.1.1,aspsa
4.3.1.1,mal__d
4.3.1.1,dmso
4.3.1.1,etoh
4.3.1.1,mal__l
4.3.1.1,meoh
4.3.1.1,na1
4.3.1.1,pser__l
4.3.1.1,2pglyc
4.3.1.1,succ
4.3.1.1,succ
4.3.1.7,appl
4.3.1.7,urea
4.3.1.18,ala__l
4.3.1.18,23dappa
4.3.1.18,gly
4.3.1.18,gly
4.3.1.18,23dappa
4.3.1.18,ala__l
4.3.1.18,ser__l
4.3.1.19,ile__l
4.3.1.19,ile__l
4.3.1.19,ile__l
4.3.1.19,ile__l
4.3.1.19,ile__l
4.3.1.19,ile__l
4.3.1.19,pyr
4.3.1.19,pyr
4.4.1.8,cys__l
4.4.1.15,cys__l
4.4.1.15,zn2
4.6.1.1,adp
4.6.1.1,atp
4.6.1.1,ca2
4.6.1.1,cobalt2
4.6.1.1,ppi
4.6.1.1,gtp
4.6.1.1,pydx5p
4.6.1.1,zn2
5.1.3.2,ump
5.1.3.2,dtdpglu
5.1.3.2,nadh
5.1.3.2,nadh
5.1.3.4,gcald
5.1.3.20,adp
5.1.3.20,adpglc
5.1.3.20,adpglc
5.1.3.20,atp
5.1.3.20,nadh
5.3.1.1,2pglyc
5.3.1.3,cd2
5.3.1.4,mn2
5.3.1.5,glc__d
5.3.1.6,6pgc
5.3.1.6,amp
5.3.1.6,ara5p
5.3.1.6,f6p
5.3.1.6,pi
5.3.1.8,mnl1p
5.3.1.9,6pgc
5.3.1.12,cu2
5.3.1.12,cys__l
5.3.1.12,zn2
5.3.1.13,cd2
5.3.1.13,cd2
5.3.1.13,cd2
5.3.1.13,cd2
5.3.1.13,cobalt2
5.3.1.13,cu2
5.3.1.13,cu2
5.3.1.13,4per
5.3.1.13,hg2
5.3.1.13,hg2
5.3.1.13,hg2
5.3.1.13,hg2
5.3.1.13,mn2
5.3.1.13,ni2
5.3.1.13,zn2
5.3.1.13,zn2
5.3.1.13,zn2
5.3.1.13,zn2
5.3.1.13,zn2
5.3.1.13,zn2
5.3.1.13,zn2
5.3.1.24,2cpr5p
5.4.2.7,ca2
5.4.2.7,cd2
5.4.2.7,cu2
5.4.2.7,fe3
5.4.2.7,pi
5.4.2.7,so4
5.4.2.7,zn2
5.4.2.10,ca2
5.4.2.10,mn2
5.4.2.10,zn2
5.4.99.5,phe__l
5.4.99.5,tyr__l
5.4.99.5,pphn
5.4.99.5,pphn
6.1.1.1,amp
6.1.1.1,cl
6.1.1.1,ppi
6.1.1.1,so4
6.1.1.3,h2o2
6.1.1.3,zn2
6.1.1.4,datp
6.1.1.4,adn
6.1.1.4,adp
6.1.1.4,amp
6.1.1.4,itp
6.1.1.5,ppi
6.1.1.6,15dap
6.1.1.6,mg2
6.1.1.6,orn
6.1.1.6,zn2
6.1.1.7,urea
6.1.1.10,adn
6.1.1.11,ppi
6.1.1.16,cys__l
6.1.1.19,atp
6.1.1.19,citr__l
6.1.1.19,orn
6.1.1.20,zn2
6.1.1.20,zn2
6.1.1.21,ppi
6.1.1.21,histd
6.1.1.21,mg2
6.2.1.5,akg
6.2.1.5,adp
6.2.1.5,atp
6.2.1.5,nadh
6.2.1.5,succ
6.2.1.26,fe2
6.2.1.26,hg2
6.2.1.26,mg2
6.3.1.1,asp__l
6.3.1.2,amp
6.3.1.2,amp
6.3.1.2,ctp
6.3.1.2,ctp
6.3.1.2,gam6p
6.3.1.2,gly
6.3.1.2,his__l
6.3.1.2,metsox_s__l
6.3.1.2,ser__l
6.3.1.2,trp__l
6.3.1.2,trp__l
6.3.1.5,adn
6.3.1.5,mg2
6.3.1.5,mn2
6.3.2.1,23dappa
6.3.2.1,3hpp
6.3.2.1,4abut
6.3.2.1,4abut
6.3.2.1,ag
6.3.2.1,amp
6.3.2.1,asp__l
6.3.2.1,asp__l
6.3.2.1,ca2
6.3.2.1,cobalt2
6.3.2.1,cu2
6.3.2.1,cys__l
6.3.2.1,ppi
6.3.2.1,fe2
6.3.2.1,fe2
6.3.2.1,glcn
6.3.2.1,glyclt
6.3.2.1,hg2
6.3.2.1,ala__l
6.3.2.1,val__l
6.3.2.1,val__l
6.3.2.1,mg2
6.3.2.1,mn2
6.3.2.1,ni2
6.3.2.1,ni2
6.3.2.1,pnto__r
6.3.2.1,taur
6.3.2.1,taur
6.3.2.1,zn2
6.3.2.2,hg2
6.3.2.4,indole
6.3.2.4,alaala
6.3.2.4,gly
6.3.2.6,imp
6.3.2.8,adp
6.3.2.8,gly
6.3.2.8,cys__l
6.3.2.8,lac__l
6.3.2.8,ser__l
6.3.2.8,uama
6.3.2.9,glu__l
6.3.2.9,uamag
6.3.2.10,ac
6.3.2.10,but
6.3.2.10,for
6.3.2.10,ppa
6.3.2.13,but
6.3.2.17,dhf
6.3.2.17,dhpt
6.3.3.1,adp
6.3.3.1,pi
6.3.3.3,ade
6.3.3.3,adp
6.3.3.3,adp
6.3.3.3,amp
6.3.3.3,dtbt
6.3.4.2,dgtp
6.3.4.2,dgsn
6.3.4.2,ade
6.3.4.2,adn
6.3.4.2,cobalt2
6.3.4.2,ctp
6.3.4.2,ctp
6.3.4.2,cu2
6.3.4.2,1pyr5c
6.3.4.2,gdp
6.3.4.2,gmp
6.3.4.2,gtp
6.3.4.2,gtp
6.3.4.2,gtp
6.3.4.2,gsn
6.3.4.2,ins
6.3.4.2,itp
6.3.4.2,mn2
6.3.4.2,ni2
6.3.4.2,so4
6.3.4.2,ura
6.3.4.2,urate
6.3.4.2,uri
6.3.4.2,xan
6.3.4.2,xtsn
6.3.4.2,zn2
6.3.4.4,fum
6.3.4.4,gdp
6.3.4.4,gdp
6.3.4.4,ppgpp
6.3.4.4,imp
6.3.4.4,no3
6.3.4.4,succ
6.3.4.4,succ
6.3.4.18,ribflv
6.3.5.2,dad_2
6.3.5.2,adn
6.3.5.2,adn
6.3.5.2,adp
6.3.5.2,ppi
6.3.5.2,gmp
6.3.5.2,xmp
6.3.5.3,glu__l
6.3.5.4,asn__l
6.3.5.4,asp__l
6.3.5.4,ppi
6.3.5.5,h2o2
6.3.5.5,imp
6.3.5.5,imp
6.3.5.5,ap5a
6.3.5.5,udp
6.3.5.5,ump
6.3.5.5,ump
6.3.5.5,ump
6.3.5.5,ump
6.3.5.5,ump
6.3.5.5,ump
6.3.5.5,ump
6.3.5.5,ump
6.3.5.5,ump
6.3.5.5,ump
6.3.5.5,ump
6.3.5.5,ump
6.3.5.5,urea
6.3.5.5,utp
6.3.5.5,utp
6.3.5.5,utp
1.1.1.42,pep
1.1.1.49,nadph
1.1.1.49,nadph
1.1.1.49,nadph
1.1.1.49,nadph
1.1.1.49,nadph
1.1.1.86,nadph
1.1.1.94,glyc3p
1.1.1.94,adprib
1.1.1.94,nad
1.1.1.94,nadp
1.1.1.94,adp
1.1.1.94,amp
1.1.1.169,atp
1.1.1.169,adp
1.1.1.169,amp
1.1.1.169,pi
1.1.1.205,gmp
1.1.1.271,gdp
1.1.1.271,nadp
1.1.99.33,for
1.2.1.8,pacald
1.2.1.8,acald
1.2.1.8,chol
1.2.1.8,etha
1.2.1.8,sarcs
1.2.1.10,acald
1.2.1.11,tungs
1.2.1.21,glyclt
1.2.1.21,gcald
1.2.1.21,gcald
1.2.1.21,glyclt
1.2.1.21,glyclt
1.2.1.21,pydxn
1.2.1.21,gcald
1.2.1.41,nadph
1.2.4.1,glx
1.2.4.1,hpyr
1.2.4.1,2obut
1.3.1.9,indole
1.3.1.9,pmtcoa
1.4.3.5,pydx5p
1.4.3.5,pydx5p
1.4.3.5,pdx5p
1.5.1.20,mlthf
1.5.1.20,mlthf
1.7.99.4,cyan
1.8.1.2,cyan
1.8.1.2,aso3
1.8.1.9,nadp
1.17.4.1,gdp
1.17.4.1,udp
2.1.1.79,ahcys
2.1.3.2,ctp
2.1.3.2,ppi
2.1.3.2,ppi
2.1.3.2,cl
2.1.3.2,succ
2.1.3.2,fum
2.1.3.2,asp__l
2.1.3.2,asp__l
2.1.3.3,leu__l
2.1.3.3,ala__l
2.1.3.3,val__l
2.1.3.3,ile__l
2.1.3.3,gly
2.1.3.3,met__l
2.1.3.3,ser__l
2.1.3.3,asn__l
2.2.1.7,glyald
2.3.1.30,cys__l
2.3.3.9,oxa
2.3.3.9,oxa
2.3.3.9,pyr
2.3.3.16,nadh
2.3.3.16,oaa
2.3.3.16,akg
2.4.1.1,aso4
2.4.1.1,adpglc
2.4.1.1,dtdpglu
2.4.1.1,udpg
2.4.1.1,glc__d
2.4.2.4,uri
2.4.2.14,amp
2.5.1.54,tyr__l
2.6.1.16,1pyr5c
2.6.1.16,gam6p
2.6.1.16,sbt6p
2.6.1.19,succ
2.6.1.62,8aonn
2.6.1.62,8aonn
2.7.1.25,aps
2.7.1.39,hom__l
2.7.1.39,glu__l
2.7.1.39,thr__l
2.7.1.39,cys__l
2.7.1.39,thr__l
2.7.1.39,cys__l
2.7.1.39,thr__l
2.7.1.39,hom__l
2.7.1.39,pser__l
2.7.1.39,hom__l
2.7.1.39,hcys__l
2.7.1.39,ile__l
2.7.1.39,val__l
2.7.1.39,ser__l
2.7.1.39,met__l
2.7.1.49,pydxn
2.7.1.49,4ahmmp
2.7.1.56,adp
2.7.1.56,fdp
2.7.2.4,thr__l
2.7.2.4,hom__l
2.7.2.4,mal__l
2.7.2.4,glu__l
2.7.2.4,succ
2.7.2.8,atp
2.7.2.11,adp
2.7.6.1,ca2
2.7.6.1,ca2
2.7.6.1,ca2
2.7.6.1,ca2
2.7.6.1,adp
2.7.7.3,pan4p
2.7.7.3,coa
2.7.7.3,coa
2.7.7.3,coa
2.7.7.3,coa
2.7.7.3,ppi
2.7.7.3,dpcoa
2.7.7.3,pan4p
2.7.7.3,dpcoa
2.7.7.27,amp
2.7.7.27,amp
2.7.7.27,amp
2.7.7.27,amp
2.7.7.41,ctp
2.7.7.41,ctp
2.7.7.41,dctp
2.7.7.60,ctp
2.7.8.7,apoacp
2.7.8.7,apoacp
2.7.9.3,amp
2.8.3.16,oxa
3.1.3.5,adp
3.1.3.5,datp
3.1.3.5,atp
3.1.3.5,amp
3.1.3.5,atp
3.1.3.6,atp
3.1.3.11,amp
3.1.3.11,pi
3.1.3.11,f1p
3.1.4.16,amp
3.2.1.23,gal
3.2.1.23,gal
3.2.2.9,ahcys
3.2.2.9,ade
3.5.4.25,ppi
3.6.3.16,atp
3.6.3.16,atp
4.1.1.8,coa
4.1.1.18,ppgpp
4.1.1.18,ppgpp
4.1.1.18,ppgpp
4.1.1.23,ump
4.1.2.13,dhap
4.1.2.19,cobalt2
4.1.3.1,pep
4.1.3.27,4hbz
4.1.3.39,glx
4.1.3.39,2obut
4.1.3.39,pyr
4.1.3.39,4mop
4.1.3.40,4hbz
4.1.99.1,trp__l
4.1.99.1,met__l
4.1.99.1,ala__l
4.1.99.1,phe__l
4.2.3.1,4hthr
4.3.1.1,mal__d
4.3.1.18,23dappa
4.3.1.18,23dappa
4.3.1.18,ser__l
4.3.1.18,gly
4.3.1.18,ala__l
4.4.1.15,cys__l
5.3.1.1,2pglyc
5.3.1.6,pi
6.1.1.1,ppi
6.1.1.1,ppi
6.1.1.1,ppi
6.1.1.1,amp
6.1.1.1,amp
6.1.1.1,amp
6.1.1.18,glu__l
6.3.1.2,metsox_s__l
6.3.2.6,imp
6.3.2.6,imp
6.3.2.6,imp
6.3.2.6,imp
6.3.3.3,ade
6.3.4.2,ctp
6.3.4.2,ctp
6.3.4.2,gtp
6.3.4.2,gtp
6.3.4.2,gtp
6.3.4.2,dgtp
6.3.4.2,glu5sa
6.3.4.2,itp
6.3.4.4,succ
6.3.4.4,succ
6.3.5.2,gmp
6.3.5.5,ump
1.5.1.5,10fthf
3.5.4.9,10fthf
4.1.2.20,2ddg6p
2.6.1.6,3mob
2.7.9.2,akg
4.1.2.13,akg
2.3.3.16,akg
3.1.3,akg
2.6.1.17,akg
4.1.3.1,akg
1.1.1.28,2obut
2.2.1.6,2obut
2.5.1.54,2pg
1.8.4.8,pap
2.5.1.54,2dda7p
4.2.3.4,2dda7p
2.5.1.19,3psme
4.1.1.17,pser__l
6.1.1.20,pppn
6.3.5.4,3sala
6.3.2.5,4ppan
4.2.3.1,phthr
6.3.2.17,5mthf
6.3.4.13,pram
6.3.3.1,air
2.5.1.15,dhpt
6.3.2.17,dhpt
2.6.1.62,8aonn
2.8.1.1,ac
4.2.1.10,ac
3.5.1.25,ac
3.5.1.16,ac
4.1.2.20,ac
1.2.1.8,acald
2.3.1.9,aacoa
2.3.3.16,accoa
2.3.1.86,accoa
4.1.1.31,accoa
1.1.1.40,accoa
2.8.3.16,accoa
1.1.1.40,actp
2.5.1.3,actp
2.6.1.62,ade
6.1.1.10,adn
6.3.1.5,adn
2.4.2.1,adn
2.6.1.62,adn
1.2.1.10,adprib
2.1.1.79,ahcys
2.1.1.144,ahcys
2.7.9.2,adp
2.4.2.14,adp
3.1.3.89,adp
2.7.1.30,adp
6.2.1.5,adp
4.6.1.1,adp
3.1.3.11,adp
5.1.3.20,adp
2.4.1.21,adp
2.7.4.16,adp
6.3.3.1,adp
6.3.3.1,adp
2.7.1.30,adp
2.7.1.56,adp
2.7.1.11,adp
2.7.1.59,adp
3.1.3,adp
6.3.1.5,adp
2.7.2.11,adp
2.3.1.8,adp
6.3.3.3,adp
2.7.4.6,adp
3.5.4.16,adp
3.5.1.38,adp
2.7.1.73,adp
2.5.1.3,adp
5.1.3.20,adpglc
2.4.1.1,adpglc
3.6.1.45,adpglc
4.2.1.2,ag
3.5.1.38,ag
6.2.1.1,amp
2.7.6.1,amp
6.1.1.19,amp
2.7.1.35,amp
6.3.1.1,amp
2.7.9.3,amp
5.3.1.6,amp
2.7.4.16,amp
2.7.7.41,amp
2.4.2.14,amp
1.5.1.39,amp
1.5.1.39,amp
3.1.3,amp
6.3.1.5,amp
1.2.1.10,amp
1.2.1.10,amp
2.7.4.8,amp
2.7.9.2,amp
2.4.1.1,amp
2.7.1.40,amp
3.5.1.38,amp
3.1.3.11,amp
6.3.1.2,amp
2.7.7.27,amp
2.4.2.17,amp
4.1.1.48,anth
2.7.1.25,aps
5.3.1.6,ara5p
2.2.1.2,ara5p
2.2.1.1,ara5p
2.3.1.1,arg__l
3.5.3.11,arg__l
3.6.3.27,aso4
4.2.3.3,aso4
3.5.1.38,asn__l
6.3.1.1,asn__l
3.1.3,atp
2.7.1.73,atp
2.7.1.73,atp
3.1.3.6,atp
3.1.3.89,atp
3.1.3.11,atp
3.6.1,atp
4.6.1.1,atp
2.3.3.16,atp
2.7.1.11,atp
2.7.1.30,atp
1.1.1.28,atp
4.1.1.49,atp
3.1.7.2,atp
1.1.1.44,atp
2.7.1.53,atp
1.17.4.1,atp
2.1.3.2,atp
1.5.1.5,atp
2.7.1.40,atp
2.3.1.8,atp
1.7.1.7,atp
3.5.4.16,atp
3.5.1.38,atp
1.1.1.3,atp
2.5.1.3,atp
1.1.1.57,atp
6.3.4.13,ala_b
2.4.99.13,lipidads
2.4.99.12,lipidads
4.1.1.50,ca2
4.1.1.49,ca2
3.6.1.25,ca2
2.3.1.86,ca2
2.3.1.191,ca2
1.5.1.3,ca2
4.6.1.1,ca2
1.1.1.6,ca2
3.6.1.1,ca2
2.7.8.5,ca2
2.4.2.8,ca2
4.2.1.47,ca2
1.1.1.57,ca2
2.7.1.40,ca2
2.7.1.40,ca2
3.1.3.45,ca2
4.1.3.1,ca2
4.1.3.30,ca2
2.7.6.1,ca2
2.7.1.107,ca2
3.5.1.38,ca2
5.4.2.7,ca2
3.1.3.7,ca2
1.5.1.3,15dap
1.1.1.40,camp
6.3.1.2,cbp
3.5.1.16,cd2
1.1.1.103,cd2
4.2.1.2,cd2
3.2.1.22,cd2
2.3.1.1,cd2
5.3.1.13,cd2
4.1.1.15,cd2
3.1.3.45,cd2
2.5.1.55,cd2
5.4.2.7,cd2
5.3.1.3,cd2
4.1.1.31,cdp
1.2.1.8,chol
4.1.3.1,acon_c
4.2.1.2,cit
3.1.3.11,cit
4.1.2.13,cit
4.3.1.1,cit
5.4.99.5,cit
4.2.1.42,cit
2.1.2.1,cl
4.2.1.10,cl
1.1.99.33,cl
3.1.3.45,cl
4.1.3.1,cl
4.1.2.20,cl
2.7.7.38,cmp
4.1.1.31,cmp
2.7.1.73,cmp
4.1.1.50,cobalt2
3.1.3.5,cobalt2
3.6.1.45,cobalt2
3.1.4.16,cobalt2
1.14.11.17,cobalt2
3.4.13.18,cobalt2
4.2.1.40,cobalt2
2.3.1.117,cobalt2
4.3.2.1,cobalt2
3.5.1.16,cobalt2
3.1.3.45,cobalt2
1.8.1.2,cobalt2
3.1.3.6,cobalt2
4.1.1.8,coa
2.3.1.86,coa
2.3.1.15,coa
1.1.1.44,coa
2.3.1.86,coa
2.1.2.11,coa
2.7.1.33,coa
2.3.1.79,coa
2.8.3.16,coa
2.7.7.3,coa
1.11.1.6,cyan
1.15.1.1,cyan
2.9.1.1,cyan
5.3.1.9,6pgc
4.1.2.55,6pgc
4.3.1.1,mal__d
1.1.1.130,mal__d
4.1.2.4,ppal
5.3.1.1,2pglyc
4.2.3.3,2pglyc
4.2.1.1,cynt
6.3.5.5,cynt
1.8.1.2,aso3
1.8.1.9,aso3
2.7.4.3,ap5a
5.1.1.3,uama
6.3.2.13,uama
2.7.1,ctp
2.7.7.41,ctp
6.3.4.2,ctp
2.7.1.48,ctp
2.1.3.2,ctp
6.3.1.2,ctp
2.5.1.3,ctp
4.1.3.3,cu2
3.5.1.38,cu2
2.7.1.73,cu2
2.7.1.73,cu2
3.1.4.16,cu2
1.14.11.17,cu2
1.1.1.6,cu2
1.2.1.22,cu2
2.3.1.1,cu2
4.1.1.15,cu2
2.3.1.117,cu2
1.1.1.103,cu2
4.1.3.3,cu2
2.6.1.11,cu2
4.1.1.47,cu2
5.3.1.12,cu2
5.3.1.12,cu2
1.2.1.41,cu2
3.5.4.1,cu2
3.5.1.16,cu2
3.5.2.5,cu2
3.1.3.45,cu2
1.2.1.38,cu2
2.4.1.1,cu2
2.5.1.55,cu2
3.1.3.6,cu2
5.4.2.7,cu2
4.4.1.15,cys__l
3.6.3.21,cys__l
2.3.1.47,cys__l
5.3.1.12,cys__l
5.3.1.12,cys__l
2.7.1.39,cys__l
2.3.1.30,cys__l
6.3.2.4,alaala
6.3.2.4,alaala
2.1.2.1,ala__d
4.2.1.8,altrn
3.6.3.21,cys__d
4.4.1.15,cys__d
4.2.1.40,galct__d
4.1.2.20,galct__d
1.4.1.4,glu__d
1.4.1.13,glu__d
4.1.2.20,glcr
1.1.1.58,mana
4.2.1.8,tagur
3.6.1.19,damp
3.1.3.89,datp
6.1.1.1,datp
1.17.4.1,datp
1.17.4.1,dcdp
3.1.3.89,dctp
2.7.7.41,dctp
4.2.1.10,3dhq
6.4.1.2,dtbt
3.1.3.89,dgtp
2.7.4.8,dgtp
3.5.4.16,dgtp
6.3.2.17,dhf
3.6.1.67,dhpmp
2.3.1.15,dhap
4.2.3.3,dhap
4.1.3.3,dha
4.1.3.3,dha
2.7.7.24,dtdpglu
2.4.1.1,dtdpglu
2.7.7.24,dtdprmn
3.5.4.13,dutp
1.5.1.39,fad
4.1.3.3,fe2
4.1.1.50,fe2
4.2.1.7,fe2
6.2.1.26,fe2
4.1.3.3,fe2
4.2.1.8,fe2
2.6.1.11,fe2
1.2.1.38,fe2
2.5.1.54,fe2
5.4.2.7,fe2
4.1.1.50,fe3
5.4.2.7,fe3
2.1.2.11,fald
2.7.1.30,fdp
2.7.1.11,fdp
2.7.1.56,fdp
4.1.1.31,fdp
1.1.1.44,fdp
2.7.1.40,fdp
2.7.7.27,fdp
2.4.2.19,fdp
1.1.1.40,fum
4.1.1.15,fum
4.2.3.3,3pg
3.1.3,3pg
4.1.3.1,3pg
4.1.2.55,g3p
2.4.2.14,gdp
4.1.1.17,gdp
3.1.5.1,gdp
2.7.1.11,gdp
1.1.1.271,gdp
2.7.4.8,gdp
2.7.4.6,gdp
3.5.4.16,gdp
2.7.1.73,gdp
2.7.1.73,gdp
4.1.1.18,gdptp
4.1.1.17,gdptp
1.4.1.4,gln__l
4.1.1.20,glu__l
1.1.1.40,glu__l
3.5.1.38,glu__l
2.6.1.16,glu__l
3.5.1.38,glu__l
4.2.1.8,glcn
3.5.1.10,gly
2.3.1.30,gly
1.1.1.95,gly
6.3.1.2,gly
1.2.1.8,glyald
2.7.1.30,glyc
1.1.1.94,glyc3p
4.1.2.13,glyc3p
2.7.8.5,glyc3p
2.7.1.30,glyc3p
1.2.1.21,gcald
2.3.3.9,glyclt
4.1.3.1,glyclt
2.4.2.14,gmp
2.4.2.14,gmp
2.4.2.8,gmp
1.1.1.205,gmp
2.7.1.73,gmp
2.4.2.8,gmp
2.4.2.14,gtp
4.1.1.17,gtp
2.7.1.40,gtp
3.6.1,gtp
4.6.1.1,gtp
3.1.5.1,gtp
2.4.2.9,gtp
6.3.4.2,gtp
4.1.1.31,gtp
1.5.1.5,gtp
2.7.4.8,gtp
2.7.4.6,gtp
2.7.4.6,gtp
2.7.1.73,gtp
2.5.1.3,gtp
2.7.4.8,gsn
4.1.1.18,ppgpp
4.1.1.17,ppgpp
2.4.2.9,ppgpp
2.4.2.8,ppgpp
2.7.6.5,ppgpp
6.3.4.4,ppgpp
3.6.1.40,ppgpp
4.1.1.17,ppgpp
1.8.1.9,cyan
2.4.1.1,cyan
1.8.1.2,cyan
4.1.2.20,cyan
1.14.12.17,cyan
1.2.1.8,hg2
4.1.2.19,hg2
4.1.3.1,hg2
3.5.1.38,hg2
3.1.3.27,hg2
4.2.1.2,hg2
2.3.1.1,hg2
5.3.1.13,hg2
4.1.1.15,hg2
6.2.1.26,hg2
1.1.1.103,hg2
2.6.1.19,hg2
3.1.3.45,hg2
2.4.1.1,hg2
2.5.1.55,hg2
4.1.1.47,hg2
3.1.3.15,his__l
6.3.1.2,his__l
2.4.2.17,his__l
3.1.3.15,histd
6.1.1.21,histd
2.7.1.49,4ahmmp
2.7.1.39,hcys__l
1.4.1.4,hom__l
2.7.1.39,hom__l
2.7.2.4,hom__l
1.15.1.1,h2o2
3.5.4.1,h2o2
2.2.1.6,ile__l
1.4.3.16,iasp
6.3.2.6,imp
2.4.2.14,imp
2.4.2.8,imp
6.3.5.5,imp
1.5.1.5,imp
2.7.4.8,imp
1.6.5.3,k
3.5.4.16,k
1.1.1.336,k
2.7.1.11,k
4.1.2.13,k
1.2.1.8,k
2.3.3.16,k
1.1.1.6,k
2.7.4.16,k
2.4.1.15,k
1.5.1.3,k
6.3.5.5,k
1.1.1.205,k
1.1.1.40,k
4.1.1.47,k
2.7.1.89,k
1.2.1.11,k
2.7.4.8,k
3.6.1.40,k
1.3.1.98,k
6.3.2.13,k
1.1.1.3,k
2.7.7.18,k
4.1.2.20,kdo
2.5.1.55,kdo8p
2.4.99.13,lipa
2.4.99.12,lipa
2.4.99.13,kdo2lipid4
2.4.99.12,kdo2lipid4
2.5.1.54,ala__l
2.3.1.30,ala__l
6.3.1.2,ala__l
1.1.1.40,asp__l
3.5.1.38,asp__l
4.1.1.31,asp__l
4.3.1.1,asp__l
1.4.1.13,asp__l
2.3.1.1,citr__l
3.6.3.21,cyst__l
6.3.4.2,glu5sa
2.6.1.16,glu5sa
6.3.5.5,orn
4.1.1.19,orn
3.5.1.16,orn
3.5.3.11,orn
1.1.1.169,pant__r
2.1.2.11,pant__r
1.2.1.22,lald__l
2.3.1.241,ddcacoa
2.3.3.13,leu__l
2.2.1.6,leu__l
2.6.1.6,leu__l
2.2.1.6,leu__l
2.7.2.4,leu__l
2.7.1.39,lys__l
4.1.1.19,lys__l
4.1.1.20,lys__l
2.7.2.4,lys__l
2.7.2.4,lys__l
4.1.1.31,mal__l
3.6.3.21,26dap__m
2.1.1.13,met__l
2.3.1.46,met__l
3.5.1.10,met__l
1.4.1.13,met__l
4.1.1.98,meoh
3.4.16.4,mg2
2.7.4.3,mg2
3.6.1.25,mg2
2.3.1.86,mg2
2.3.1.191,mg2
1.5.1.3,mg2
2.3.1.15,mg2
1.1.1.44,mg2
4.2.1.47,mg2
1.1.1.57,mg2
2.7.6.1,mg2
3.5.1.38,mg2
4.2.1.24,mg2
3.5.1.38,mg2
4.1.1.50,mn2
3.4.13.18,mn2
4.2.1.40,mn2
1.1.1.103,mn2
4.2.1.8,mn2
1.1.1.57,mn2
1.2.1.38,mn2
3.5.1.38,mn2
4.2.1.7,mn2
3.5.1.38,mn2
2.3.1.157,acgam1p
1.5.1.3,na1
4.1.1.47,na1
1.2.1.11,na1
3.6.1.40,na1
1.6.5.3,nad
3.2.1.22,nad
2.3.3.16,nad
1.2.1.10,nad
1.4.3.16,nad
4.2.3.4,nad
3.5.1.38,nad
1.1.1.57,nad
1.1.1.40,nadh
1.1.1.22,nadh
2.3.3.16,nadh
2.7.1.23,nadh
2.3.1.8,nadh
3.5.1.38,nadh
1.2.1.22,nadh
1.1.1.40,nadp
1.5.1.39,nadp
1.5.1.39,nadp
1.1.1.44,nadp
1.1.1.271,nadp
1.1.1.169,nadp
1.8.1.2,nadp
3.5.1.38,nadp
1.5.1.2,nadp
1.1.1.86,nadp
3.1.3,nadph
2.7.1.23,nadph
2.3.1.8,nadph
3.5.1.38,nadph
1.8.1.7,nadph
1.2.1.41,ni2
3.4.13.18,ni2
4.1.2.13,ni2
3.2.1.22,ni2
1.1.1.103,ni2
4.3.2.1,ni2
3.5.1.16,ni2
1.2.1.38,ni2
2.4.2.19,nicrnt
1.1.99.33,no3
2.4.1.1,no3
4.1.2.20,no3
1.1.99.33,no2
4.1.3.3,hpyr
4.1.3.3,hpyr
2.7.9.2,oaa
2.3.3.16,oaa
1.1.1.42,oaa
3.1.3,oaa
1.1.1.40,oaa
4.1.3.6,oaa
2.7.9.2,oxa
2.3.3.9,oxa
4.1.1.15,oxa
2.3.3.9,oxa
4.1.3.1,oxa
2.8.3.16,oxa
1.1.1.28,oxam
1.8.1.7,gthox
2.3.1.54,o2
1.1.99.33,o2
2.5.1.72,o2
2.5.1.6,pppi
3.5.1.38,pppi
1.1.1.94,pmtcoa
1.3.1.9,pmtcoa
2.1.2.11,pnto__r
2.7.1.25,paps
2.5.1.54,phe__l
5.4.99.5,phe__l
1.2.1.8,pacald
1.1.1.42,pep
5.3.1.9,pep
2.3.1.8,pep
2.3.1.8,pep
2.5.1.19,pep
4.1.3.1,pep
3.1.3.11,pep
4.1.2.13,pep
4.2.3.3,pep
4.1.1.49,pep
2.7.1.11,pep
3.1.3,pep
2.7.9.2,pep
3.1.3.11,pep
2.5.1.3,pep
6.2.1.1,ppi
6.1.1.19,ppi
4.6.1.1,ppi
4.2.3.3,ppi
2.7.4.16,ppi
3.6.1.19,ppi
3.5.4.25,ppi
4.3.1.1,ppi
6.3.5.2,ppi
3.6.1.67,ppi
2.7.4.6,ppi
4.1.2.20,ppi
2.7.7.24,ppi
3.5.1.38,ppi
4.2.1.42,ppi
2.7.7.27,ppi
2.5.1.3,ppi
2.4.2.19,ppi
2.5.1.6,ppi
5.4.99.5,pphn
5.4.99.5,pphn
2.7.2.11,pro__l
1.5.1.2,pro__l
6.2.1.1,ppa
2.3.3.16,ppcoa
1.3.3.3,ppp9
1.5.1.3,ptrc
4.1.1.18,ptrc
4.1.1.17,ptrc
4.1.1.19,ptrc
2.7.1.35,pydx
2.7.7.27,pydx5p
1.4.3.5,pydx5p
2.7.1.35,pydx5p
2.5.1.19,pydx5p
2.6.1.16,pydx5p
2.6.1.16,pydx5p
1.4.3.5,pydx5p
1.2.1.72,pydx5p
2.7.1.49,pydxn
2.7.1.49,pydxn
1.4.3.5,pdx5p
4.1.3.3,pyr
2.3.1.8,pyr
2.3.1.8,pyr
2.5.1.19,pyr
2.3.3.9,pyr
1.1.1.28,pyr
4.1.3.3,pyr
3.1.3,pyr
2.1.2.11,pyr
2.3.3.9,pyr
5.4.2.7,r15bp
1.1.1.44,ru5p__d
4.1.1.50,ametam
2.3.1.46,amet
2.5.1.6,amet
2.3.1.30,ser__l
1.1.1.95,ser__l
3.1.3.3,ser__l
6.3.1.2,ser__l
2.8.1.1,so3
4.1.1.18,spmd
1.5.1.3,spmd
4.1.1.50,spmd
2.3.1.15,spmd
4.1.1.19,spmd
2.5.1.16,spmd
4.1.1.19,spmd
4.1.1.17,spmd
4.2.1.10,succ
4.1.1.15,succ
2.1.3.2,succ
4.1.3.1,succ
2.7.1.40,succoa
2.8.1.1,so4
3.1.3.11,so4
5.4.2.7,so4
2.2.1.1,o2s
4.2.1.2,o2s
4.2.1.40,tartr__l
1.1.1.130,tartr__l
2.1.1.13,thf
2.1.2.11,thf
3.6.1,thmpp
2.7.1.39,thr__l
2.7.2.4,thr__l
1.1.1.3,thr__l
2.7.1.73,dtmp
2.5.1.54,trp__l
4.1.3.27,trp__l
4.1.3.27,trp__l
6.3.1.2,trp__l
3.1.3.89,dttp
3.5.4.13,dttp
3.6.1.67,dttp
3.5.4.16,dttp
4.2.1.2,tungs
2.6.1.6,tyr__l
2.5.1.54,tyr__l
5.4.99.5,tyr__l
6.3.2.13,udp
6.3.2.9,uamag
6.3.2.13,ugmd
5.1.3.14,uacgam
6.3.2.13,uacgam
2.5.1.7,uamr
2.3.1.157,uamr
6.3.2.13,uamr
5.1.3.2,ump
6.3.5.5,ump
2.7.1.73,ump
2.7.1,utp
2.7.1.48,utp
3.5.4.16,utp
2.5.1.3,utp
2.2.1.6,val__l
2.2.1.6,val__l
2.1.2.11,val__l
2.4.2.14,xmp
3.5.4.25,xtp
1.2.1.8,zn2
4.2.1.19,zn2
2.7.1.73,zn2
2.7.1.73,zn2
5.3.1.13,zn2
4.1.1.50,zn2
1.1.1.40,zn2
4.2.1.2,zn2
1.6.5.3,zn2
1.16.3.1,zn2
2.7.7,zn2
2.7.7,zn2
5.3.1.13,zn2
3.2.1.22,zn2
3.1.4.16,zn2
1.14.11.17,zn2
2.7.9.3,zn2
3.4.13.18,zn2
2.3.1.1,zn2
2.1.3.3,zn2
2.4.2.8,zn2
4.1.1.15,zn2
2.3.1.117,zn2
6.1.1.20,zn2
3.5.1.108,zn2
6.1.1.6,zn2
4.3.2.1,zn2
5.3.1.12,zn2
5.3.1.12,zn2
3.5.4.1,zn2
3.5.1.16,zn2
1.1.1.57,zn2
6.3.4.4,zn2
1.2.1.38,zn2
2.4.1.1,zn2
2.5.1.55,zn2
3.1.3.6,zn2
5.4.2.7,zn2
1.2.1.21,zn2
2.7.1.11,pep
2.7.1.11,pep
2.7.9.2,akg
