id,MNX,inchi_key,cid
10fthf_c,MNXM237,AUFGTPPARQZWDO-YPMHNXCESA-L,135398555
12dgr120_c,MNXM4939,OQQOAWVKVDAJOI-UHFFFAOYSA-N,33979
12dgr140_c,MNXM146479,JFBCSFJKETUREV-UHFFFAOYSA-N,89298
12dgr141_c,MNXM4940,BGFRYQUZVKRYLY-UHFFFAOYSA-N,
12dgr160_c,MNXM3132,JEJLGIQLPYYGEE-XIFFEERXSA-N,644078
12dgr161_c,MNXM3774,HSQHRRHRYJNSOC-UHFFFAOYSA-N,53894296
12dgr180_c,MNXM4217,UHUSDOQQWJGJQS-UHFFFAOYSA-N,102615
12dgr181_c,MNXM3775,JQTCHIYVEDEVBR-UHFFFAOYSA-N,76040548
12ppd__R_c,MNXM90191,DNIAPMSPPWPWGF-GSVOUGTGSA-N,259994
12ppd__S_c,MNXM1255,DNIAPMSPPWPWGF-VKHMYHEASA-N,439846
13dpg_c,MNXM261,LJQLQCAXBUHEAZ-UWTATZPHSA-J,46878409
14dhncoa_c,MNXM147663,PYTINLGPKDJURZ-HSJNEKGZSA-J,46878473
14glucan_c,MNXM2905,OCIBBXPLUVYKCH-UHFFFAOYSA-N,4071695
15dap_c,MNXM943,VHRGRCVQAFMJIZ-UHFFFAOYSA-P,3718401
1ddecg3p_c,MNXM4232,STTKJLVEXMKLNA-CQSZACIVSA-L,71296161
1hdec9eg3p_c,MNXM91047,,
1hdecg3p_c,MNXM90586,YNDYKPRNFWPPFU-GOSISDBHSA-L,46173172
1odec11eg3p_c,MNXM91049,LWSYATLSXCUNTB-AQKVLALTSA-L,129320279
1odecg3p_c,MNXM32950,LAYXSTYJRSVXIH-HXUWFJFHSA-L,49859619
1pyr5c_c,MNXM1617,DWAKNKKXGALPNW-UHFFFAOYSA-M,11966213
5dh4dglc_c,MNXM854,QUURPCHWPQNNGL-ZAFYKAAXSA-L,5288442
2tdec7eg3p_c,MNXM5490,,
5drib_c,MNXM4391,WDRISBUVHBMJEF-MROZADKFSA-N,45489773
2tdecg3p_c,MNXM5491,,
1tdec7eg3p_c,MNXM91053,ABWKYTQKHWCOFM-XITLMJRVSA-L,146036925
1tdecg3p_c,MNXM3426,FAZBDRGXCKPVJU-MRXNPFEDSA-L,71296162
2tpr3dpcoa_c,MNXM2769,NFWZJXFBUKDGOX-HWCXJHOSSA-H,71464471
5fthf_c,MNXM1392,VVIAGPKUTFNRDU-STQMWFEESA-L,135398558
23dappa_c,MNXM91374,PECYZEOJVXMISF-REOHCLBHSA-N,46906042
5mta_c,MNXM150,WUUGFSXJNOTRMR-IOSLPCCCSA-N,439176
34hpp_c,MNXM153,KKADPXVIOXHVKN-UHFFFAOYSA-M,6971070
23ddhb_c,MNXM114261,INCSWYKICIYAHB-WDSKDSINSA-M,45266758
35cgmp_c,MNXM665,ZOOGRGPOEVQQDX-UUOKFMHZSA-M,135398569
5mthf_c,MNXM318,ZNOVTXRBGFNYRX-STQMWFEESA-L,135398560
23dhacoa_c,MNXM9750,ZFXICKRXPZTFPB-FZHFFJAKSA-I,46926262
5mtr_c,MNXM1592,ACWASDPGAVYCNI-JKUQZMGJSA-N,6419710
3amac_c,MNXM162288,YTLYLLTVENPWFT-UPHRSURJSA-M,46173135
23dhb_c,MNXM455,GLDQAMYCGOIJDV-UHFFFAOYSA-M,54675818
3c2hmp_c,MNXM891,RNQHMTFBUSSBJQ-CRCLSJGQSA-L,6857402
5prdmbz_c,MNXM1224,ZMRGXEJKZPRBPJ-SYQHCUMBSA-L,49791947
23dhba_c,MNXM1978,ULPVJDOMCRTJSN-RVXWVPLUSA-M,636431
6hmhpt_c,MNXM937,CQQNNQTXUGLUEV-UHFFFAOYSA-N,135398568
3c3hmp_c,MNXM985,BITYXLXUCSKTJS-ZETCQYMHSA-L,6419727
23dhbzs_c,MNXM1487,VDTYHTVHFIIEIL-LURJTMIESA-M,25244785
3c4mop_c,MNXM1602,HIIZAGQWABAMRR-BYPYZUCNSA-L,6419705
6hmhptpp_c,MNXM1160,FCQGJGLSOWZZON-UHFFFAOYSA-K,135398611
23dhdp_c,MNXM807,UWOCFOFVIBZJGH-YFKPBYRVSA-L,5460228
3dhguln_c,MNXM736,WTAHRPBPWHCMHW-LWKDLAHASA-M,46878417
23dhmb_c,MNXM114097,JTEYKUFKXGDTEU-VKHMYHEASA-M,23615351
3dhgulnp_c,MNXM1170,BDUIIKXSXFDPEC-LWKDLAHASA-K,56927712
6pgc_c,MNXM325,BIRSGZKFKXLSJQ-SQOUGZDYSA-K,36688186
23dhmp_c,MNXM1202,PDGXJDXVGMHUIR-UJURSFKZSA-M,21145376
6pgl_c,MNXM429,IJOJIVNDFQSGAB-SQOUGZDYSA-L,46926335
3dhq_c,MNXM478,WVMWZWGZRAXUBK-SYTVJDICSA-M,5460271
3dhsk_c,MNXM611,SLWWJZMPHJJOPH-PHDIDXHHSA-M,5460360
23doguln_c,MNXM958,GJQWCDSAOUMKSE-STHAYSLISA-M,21145097
8aonn_c,MNXM1141,GUAHPAJOXVYFON-UHFFFAOYSA-N,25244029
25aics_c,MNXM607,NAQGHJTUZRHGAC-ZZZDFHIKSA-J,86289088
ACP_c,MNXM925,,
3fe4s_c,MNXM147396,,
25dkglcn_c,MNXM936,RXMWXENJQAINCC-DMTCNVIQSA-M,9548631
3haACP_c,MNXM5861,,
LalaDglu_c,MNXM3630,VYZAGTDAHUIRQA-CRCLSJGQSA-M,25203551
25drapp_c,MNXM648,OCLCLRXKNJCOJD-UMMCILCDSA-L,135398600
LalaDgluMdap_c,MNXM90242,FMNCPUGORYYCEM-QCLAVDOMSA-N,25203562
3hadpcoa_c,MNXM2784,OTEACGAEDCIMBS-NOTSHUFBSA-I,121225556
26dap_LL_c,MNXM644,GMKMEZVLHJARHF-WHFBIAKZSA-N,1549100
3hbcoa_c,MNXM446,QHHKKMYHDBRONY-VKBDFPRVSA-J,45266553
LalaDgluMdapDala_c,MNXM59271,BAPAFFOXTCMVCC-UHFFFAOYSA-M,
LalaLglu_c,MNXM4026,VYZAGTDAHUIRQA-WHFBIAKZSA-M,7006474
26dap__M_c,MNXM529,GMKMEZVLHJARHF-SYDPRGILSA-N,1549101
N1aspmd_c,MNXM501,MQTAVJHICJWXBR-UHFFFAOYSA-P,25203502
3hcddec5eACP_c,MNXM5389,,
3hcinnm_c,MNXM1799,KKSDGJDHHZEWEP-SNAWJCMRSA-M,54694258
2agpe120_c,MNXM34808,NPAZKTOOMVQLIH-UHFFFAOYSA-N,90659368
3hcmrs7eACP_c,MNXM5390,,
Nmtrp_c,MNXM3055,CZCIKBSVHDNIDH-NSHDSACASA-N,6921653
Sfglutth_c,MNXM952,FHXAGOICBFGEBF-BQBZGAKWSA-M,25246250
2agpe140_c,MNXM34809,DDUZNLUWXLYPCP-UHFFFAOYSA-N,53480919
aacald_c,MNXM2212,LYIIBVSRGJSHAV-UHFFFAOYSA-O,18706033
3hcpalm9eACP_c,MNXM6556,,
2agpe141_c,MNXM3447,RBKXDGUVZHKXHJ-UHFFFAOYSA-N,
3hcvac11eACP_c,MNXM6557,,
3hdcoa_c,MNXM674,HIVSMYZAMUNFKZ-PNPVFPMQSA-J,49859629
aacoa_c,MNXM133,OJFDKHTZOUZBOS-CITAKDKDSA-J,45266540
2agpe160_c,MNXM34810,CKPBBEOJHAPPBT-HXUWFJFHSA-N,53480922
aact_c,MNXM1106,BCDGQXUMWHRQCB-UHFFFAOYSA-O,3692773
ac_c,MNXM26,QTBSBXVTEAMEQO-UHFFFAOYSA-M,175
3hddcoa_c,MNXM733,IJFLXRCJWPKGKJ-LXIXEQKWSA-J,46173081
3hddecACP_c,MNXM27066,,
3hdecACP_c,MNXM7127,,
3hhcoa_c,MNXM757,VAAHKRMGOFIORX-IKTBLOROSA-J,52921626
2agpe161_c,MNXM3448,,
3hhdcoa_c,MNXM825,DEHLMTDDPWDRDR-BCIKBWLNSA-J,53262365
3hhexACP_c,MNXM25370,,
acACP_c,MNXM1269,,
2agpe180_c,MNXM34811,KIHAGWUUUHJRMS-JOCHJYFZSA-N,90658453
acac_c,MNXM154,WDJHALXBUFZDSR-UHFFFAOYSA-M,6971017
3hmrsACP_c,MNXM7733,,
2agpe181_c,MNXM3449,WAYKKNOEMJFLDI-UHFFFAOYSA-N,76043326
3hocoa_c,MNXM766,ATVGTMKWKDUCMS-OTOYJEMWSA-J,53262354
acald_c,MNXM75,IKHGUXGNUITLKF-UHFFFAOYSA-N,177
2agpg120_c,MNXM3450,,
acanth_c,MNXM1939,QSACCXVHEVWNMX-UHFFFAOYSA-M,5460071
3hoctACP_c,MNXM10019,,
2agpg140_c,MNXM34739,NHYJQQUDLXESED-UHFFFAOYSA-M,90659368
3hoctaACP_c,MNXM6417,,
accoa_c,MNXM21,ZSLZBFCDCINBPY-ZSJPKINUSA-J,45266541
2agpg141_c,MNXM3452,JPZRBXGDTBKBHT-UHFFFAOYSA-M,
3hodcoa_c,MNXM31746,WZMAIEGYXCOYSH-SFKGBVSGSA-J,90657405
2agpg160_c,MNXM34740,ODJYINYQGFIIRK-UHFFFAOYSA-M,90659368
3hpalmACP_c,MNXM2576,,
acetol_c,MNXM1744,XLSMFKSTNGKWQX-UHFFFAOYSA-N,8299
acg5p_c,MNXM1384,FCVIHFVSXHOPSW-YFKPBYRVSA-K,49791951
2agpg161_c,MNXM3453,,
acg5sa_c,MNXM1062,BCPSFKBPHHBDAI-LURJTMIESA-M,6857435
3hpp_c,MNXM872,ALRHLSYJTWAHJZ-UHFFFAOYSA-M,5459847
3hpppn_c,MNXM1634,QVWAEZJXDYOKEH-UHFFFAOYSA-M,6931501
2agpg180_c,MNXM150642,ZYKIFISVQNGKFE-UHFFFAOYSA-M,
acgam_c,MNXM143,OVRNDRQMDRJTHS-RTRLPJTCSA-N,439174
acgam1p_c,MNXM91871,FZLJPEPAYPUMMR-RTRLPJTCSA-L,10979523
3htdcoa_c,MNXM767,OXBHKMHNDGRDCZ-STLSENOWSA-J,46173488
2agpg181_c,MNXM3455,OUQWQZICCOQXOG-UHFFFAOYSA-M,
3ig3p_c,MNXM866,NQEQTYPJSIEPHW-MNOVXSKESA-L,46878464
acgam6p_c,MNXM63556,BRGMHAYQAZFZDJ-RTRLPJTCSA-L,11426583
2ahbut_c,MNXM114220,VUQLHQFKACOHNZ-LURJTMIESA-M,21145135
acglc__D_c,MNXM722855,ILLOJQCWUBEHBA-KEWYIRBNSA-N,5459944
3mob_c,MNXM238,QHKABHOOEWYVLI-UHFFFAOYSA-M,5204641
2amsa_c,MNXM2124,XMTCKNXTTXDPJX-REOHCLBHSA-N,86289313
3mop_c,MNXM439,JVQYSWDUAOAHFM-BYPYZUCNSA-M,6857401
acglu_c,MNXM730,RFMMMVDNIPUKGG-YFKPBYRVSA-L,1549099
2aobut_c,MNXM114087,SAUCHDKDCUROAO-VKHMYHEASA-N,86289686
acmalt_c,MNXM3135,IJVLHLCOMOKFHH-DURRTVQMSA-N,11349616
3ocddec5eACP_c,MNXM6837,,
2cpr5p_c,MNXM1455,QKMBYNRMPRKVTO-MNOVXSKESA-K,45266701
3ocmrs7eACP_c,MNXM6838,,
acmana_c,MNXM2403,MBLBDJOUHNCFQT-XAMCCFCMSA-N,22952041
2dda7p_c,MNXM1219,PJWIPEXIFFQAQZ-PUFIMZNGSA-K,5460215
acmanap_c,MNXM4708,QDSLHWJDSQGPEE-WCTZXXKLSA-L,45266685
3ocpalm9eACP_c,MNXM6839,,
2ddecg3p_c,MNXM5461,,
3ocvac11eACP_c,MNXM6840,,
acmum6p_c,MNXM90332,NMEMTQKUEVNSPV-MKFCKLDKSA-K,45266740
2ddg6p_c,MNXM649,OVPRPPOVAXRCED-WVZVXSGGSA-K,44229082
acnam_c,MNXM227,SQVRNKJHWKZAKO-LUWBGTNYSA-M,6857396
3odcoa_c,MNXM677,AZCVXMAPLHSIKY-HSJNEKGZSA-J,53262297
3oddcoa_c,MNXM705,HQANBZHVWIDNQZ-GMHMEAMDSA-J,46173506
2ddglcn_c,MNXM440,WPAMZTWLKIDIOP-WVZVXSGGSA-M,44229111
3oddecACP_c,MNXM28933,,
acon_C_c,MNXM813,GTZCVFVGUGFEME-IWQZZHSRSA-K,5459816
acon_T_c,MNXM1388,GTZCVFVGUGFEME-HNQUOIGGSA-K,5289496
2dh3dgal_c,MNXM1627,WPAMZTWLKIDIOP-NQXXGFSBSA-M,49791967
aconm_c,MNXM3742,BRYKYSQCLNCYQW-DUXPYHPUSA-L,23615417
3odecACP_c,MNXM26616,,
2dh3dgal6p_c,MNXM90136,OVPRPPOVAXRCED-NQXXGFSBSA-K,44229080
3ohcoa_c,MNXM717,NFOYYXQAVVYWKV-HDRQGHTBSA-J,53239804
acorn_c,MNXM817,JRLGPAXAGHMNOL-LURJTMIESA-N,6992102
2dhguln_c,MNXM114283,,
3ohdcoa_c,MNXM738,NQMPLXPCRJOSHL-BBECNAHFSA-J,25244191
2dhp_c,MNXM959,PKVVTUWHANFMQC-UHFFFAOYSA-M,16755619
3ohexACP_c,MNXM25602,,
2dmmq8_c,MNXM2178,GDUBPWSFXUAETN-AENDIINCSA-N,5376004
3omrsACP_c,MNXM26095,,
acser_c,MNXM418,VZXPDPZARILFQX-BYPYZUCNSA-N,6971051
2dmmql8_c,MNXM558,FGYPGICSXJEKCG-AENDIINCSA-N,45479277
actACP_c,MNXM1223,,
3oocoa_c,MNXM706,WPIVBCGRGVNDDT-CECATXLMSA-J,46173417
2dr1p_c,MNXM789,KBDKAJNTYKVSEK-VPENINKCSA-L,23419734
3ooctACP_c,MNXM28031,,
actp_c,MNXM280,LIPOUNRJVLNBCD-UHFFFAOYSA-L,4183249
2dr5p_c,MNXM2179,ALQNUOMIEBHXQG-CRCLSJGQSA-L,23615346
3ooctdACP_c,MNXM3491,,
ade_c,MNXM168,GFFGJBXGBJISGV-UHFFFAOYSA-N,190
2fe1s_c,MNXM147395,,
3ohodcoa_c,MNXM513,LGOGWHDPDVAUNY-LFZQUHGESA-J,25243996
2fe2s_c,MNXM151647,,
3opalmACP_c,MNXM4345,,
adn_c,MNXM212,OIRDTQYFTABQOQ-KQYNXXCUSA-N,60961
adocbi_c,MNXM90790,KQXSPGAEBZWHMC-OCUXTBADSA-N,
3ophb_c,MNXM2195,UTIBHEBNILDQKX-LQOKPSQISA-M,54685638
3otdcoa_c,MNXM707,IQNFBGHLIVBNOU-QSGBVPJFSA-J,25245316
2h3oppan_c,MNXM475,QWBAFPFNGRFSFB-UHFFFAOYSA-M,22134427
3oxdhscoa_c,MNXM3852,IFFFDKYRRUVOFP-HURBHMQQSA-I,56927776
adocbip_c,MNXM856,MQCMBMUJJHSGIF-QMUWONGRSA-K,
adocbl_c,MNXM90703,ZIHHMGTYZOSFRC-QRVZQHAISA-N,
2hdec9eg3p_c,MNXM5464,,
3pg_c,MNXM126,OSJPPGNTCRNQQC-UWTATZPHSA-K,25245548
2hdecg3p_c,MNXM5465,LPQBQFLKBCPNAV-GOSISDBHSA-N,53478599
3php_c,MNXM541,LFLUCDOSQPJJBE-UHFFFAOYSA-K,5460375
adp_c,MNXM7,XTWYTFMLZFPYCI-KQYNXXCUSA-K,7058055
2ippm_c,MNXM1706,NJMGRJLQRLFQQX-HYXAFXHYSA-L,21954611
3psme_c,MNXM1365,QUTYKIXIUDQOLK-PRJMDXOYSA-J,14506801
2mahmp_c,MNXM1135,AGQJQCFEPUVXNK-UHFFFAOYSA-K,25245586
3sala_c,MNXM498,ADVPTQAUNPRNPO-REOHCLBHSA-M,1549097
adpglc_c,MNXM561,WFPZSXYXPSUOPY-ROYWQJLOSA-L,42609821
2mcacn_c,MNXM1792,NUZLRKBHOBPTQV-ARJAWSKDSA-K,23615274
adphep_DD_c,MNXM1648,KMSFWBYFWSKGGR-FQBROAFUSA-L,46173177
adphep_LD_c,MNXM857,KMSFWBYFWSKGGR-DTBZDYEHSA-L,46173344
4abut_c,MNXM192,BTCSSZJGUNDROE-UHFFFAOYSA-N,6992099
4abutn_c,MNXM422,DZQLQEYLEYWJIB-UHFFFAOYSA-O,25245200
2mcit_c,MNXM90279,YNOXCRMFGMSKIJ-NFNCENRGSA-K,46878460
adprib_c,MNXM48596,SRNWOUGRCWSEMX-TYASJMOZSA-L,49791958
2me4p_c,MNXM1626,XMWHRVNVKDKBRG-UHNVWZDZSA-L,21608483
ag_c,MNXM5928,FOIXSVOLVBLSDH-UHFFFAOYSA-N,104755
4abz_c,MNXM421,ALYNCZNDIQEVRV-UHFFFAOYSA-M,4876
4adcho_c,MNXM1458,OIUJHGOLFKDBSU-HTQZYQBOSA-M,45266632
2mecdp_c,MNXM1168,SFRQRNJMIIUYDI-UHNVWZDZSA-L,21605869
agdpcbi_c,MNXM1105,IQTYKHRKNGVJEO-RRMAJTJESA-K,
2obut_c,MNXM159,TYEYBOSBBBHJIV-UHFFFAOYSA-M,3593277
agm_c,MNXM328,QYPPJABKJHAVHS-UHFFFAOYSA-P,5257176
4ahmmp_c,MNXM874,VUTBELPREDJDDH-UHFFFAOYSA-N,777
2odec11eg3p_c,MNXM5480,,
4ampm_c,MNXM31161,SSWDVESQMBHOQT-UHFFFAOYSA-N,
ahcys_c,MNXM19,ZJUKTBDSGOFHSH-WFMPWKQPSA-N,25246222
2odecg3p_c,MNXM5481,RPAOEHFOGLEBTJ-HXUWFJFHSA-N,53478600
ahdt_c,MNXM397,DGGUVLXVLHAAGT-XINAWCOVSA-J,135398609
4c2me_c,MNXM1642,YFAUKWZNPVBCFF-XHIBXCGHSA-L,24970669
4crsol_c,MNXM828,IWDCLRJOBJJRNH-UHFFFAOYSA-N,2879
2ohph_c,MNXM1635,YGTMSXVYLRCOLD-MGDAWYEDSA-N,5280833
4fe4s_c,MNXM37766,LJBDFODJNLIPKO-UHFFFAOYSA-N,129900246
aicar_c,MNXM365,NOTGFIUVDGNKRI-UUOKFMHZSA-L,45266657
air_c,MNXM162266,PDACUKOKVHBVHJ-ZRTZXPPTSA-M,45266696
2ombzl_c,MNXM90444,CZFRMASEEPTBAQ-MYCGWMCTSA-N,49852329
akg_c,MNXM20,KPGXRSRHYNQIFN-UHFFFAOYSA-L,164533
4h2opntn_c,MNXM1176,HFKQINMYQUXOCH-UHFFFAOYSA-M,9543038
2omhmbl_c,MNXM2187,QURLIMHPCRKMJP-WDXILIIOSA-N,50986110
4hbz_c,MNXM164,FJKROLUGYXJWQN-UHFFFAOYSA-M,54675830
ala_B_c,MNXM144,UCMIRNVEIXFBKS-UHFFFAOYSA-N,4755801
2ommbl_c,MNXM1899,HDSGDGSLNMIMKU-KFSSTAEESA-N,49852330
ala__D_c,MNXM156,QNAYBMKLOCPYGJ-UWTATZPHSA-N,7311725
4hthr_c,MNXM1802,JBNUARFQOCGDRK-GBXIJSLDSA-N,49852420
2omph_c,MNXM1707,MYNOBJRQIKYBRD-MGHGRUFNSA-N,5280834
4mhetz_c,MNXM962,BKAWJIRCKVUVED-UHFFFAOYSA-N,1136
ala__L_c,MNXM32,QNAYBMKLOCPYGJ-REOHCLBHSA-N,7311724
2oph_c,MNXM1886,VUNQJPPPTJIREN-CMAXTTDKSA-N,5280832
alaala_c,MNXM669,DEFJQIDDEAULHB-QWWZWVQMSA-N,6992112
alac__S_c,MNXM114079,NMDWGEGFJUBKLB-YFKPBYRVSA-M,13999770
4mop_c,MNXM404,BKAJNAXTPSGJCU-UHFFFAOYSA-M,3527278
2oxpaccoa_c,MNXM2851,ZQZCWPBSHHYCMM-BETJHJQZSA-J,46926226
4mpetz_c,MNXM960,OCYMERZCMYJQQO-UHFFFAOYSA-L,25245616
alatrna_c,MNXM89815,,
2p4c2me_c,MNXM1641,HTJXTKBIUVFUAR-XHIBXCGHSA-J,46878430
all__D_c,MNXM1919,WQZGKKKJIJFFOK-IVMDWMLBSA-N,439507
4pasp_c,MNXM1177,IXZNKTPIYKDIGG-REOHCLBHSA-L,11948925
2pg_c,MNXM275,GXIURPTVHJPJLF-UWTATZPHSA-K,40467846
4per_c,MNXM1407,ZCZXOHUILRHRQJ-PWNYCUMCSA-K,45266760
all6p_c,MNXM4545,VFRROHXSMXFLSN-BGPJRJDNSA-L,23615232
4ppan_c,MNXM415,XHFVGHPGDLDEQO-ZETCQYMHSA-K,16755653
2pglyc_c,MNXM2074,ASCFNMCAHFUBCO-UHFFFAOYSA-K,24916760
4ppcys_c,MNXM483,XQYALQVLCNHCFT-CBAPKCEASA-K,25245609
alltn_c,MNXM612,POJWUDADGALRAB-UHFFFAOYSA-N,204
alltt_c,MNXM584,NUCLJNSWZCHRKL-UHFFFAOYSA-M,5287444
2sephchc_c,MNXM1861,XYCATPIYKOARSZ-OAIFWDMCSA-K,46224561
4r5au_c,MNXM791,XKQZIXVJVUPORE-RPDRRWSUSA-N,193516
allul6p_c,MNXM4546,GSXOAOHZAIYLCY-NGJCXOISSA-L,50909805
2shchc_c,MNXM1249,QJYRAJSESKVEAE-PSASIEDQSA-L,25246102
altrn_c,MNXM2011,RGHNJXZEOKUKBD-AIHAYLRMSA-M,5459986
56dura_c,MNXM506,OIVLITBTBDPEFK-UHFFFAOYSA-N,649
apg140_c,MNXM40227,HLSZVIULNVUBQI-YWPUXERESA-M,45479552
5aizc_c,MNXM507,XFVULMDJZXYMSG-ZIYNGMLESA-L,86289309
5aop_c,MNXM405,ZGXJTSGNIOSYLO-UHFFFAOYSA-N,7048523
5aprbu_c,MNXM1178,RQRINYISXYAZKL-RPDRRWSUSA-L,45266638
amet_c,MNXM16,MEFKEPWMEQBLKI-AIRLBKTGSA-O,24762165
ametam_c,MNXM321,ZUNBITIXDCPNSD-LSRJEVITSA-O,25203490
amob_c,MNXM3090,UOKVQQMBGVMXPU-CJPDYEHRSA-N,5459852
apg141_c,MNXM7019,GKHYJHGQULCCBX-UHFFFAOYSA-M,
amp_c,MNXM14,UDMBCSSLTHHNCD-KQYNXXCUSA-L,15938965
5apru_c,MNXM1532,LZEXYCAGPMYXLX-UMMCILCDSA-L,25245199
apg160_c,MNXM40228,BSAFHIMUDGXOPA-OKPYTHRESA-M,45479655
5caiz_c,MNXM1409,JHLXDWGVSYMXPL-XVFCMESISA-K,25202011
anhgm_c,MNXM3060,VWOAYOXNDDJRIH-UHFFFAOYSA-M,
apg161_c,MNXM7021,ISOXHMBLKVGIAT-UHFFFAOYSA-M,
anhgm3p_c,MNXM63489,ZWZMFRJKRXDGBE-UHFFFAOYSA-L,45479614
anhgm4p_c,MNXM63488,ZTOWCORYLXDAAW-JOUWMGDHSA-L,
anhm_c,MNXM90585,YZQRHTIZHFFIAX-UHFFFAOYSA-M,
5dglcn_c,MNXM963,IZSRJDGCGRAUAR-MROZADKFSA-M,24802254
apg180_c,MNXM40229,WCMVNCVROQLVSH-JBQXKKLXSA-M,45479337
anhm3p_c,MNXM32389,KGVLFEPQSVUIRC-FYQNUYSYSA-L,90657321
anhm4p_c,MNXM5405,OUWAMZWZTFUVMV-NPLPHQDTSA-L,
apg181_c,MNXM7023,MNEWMEXDRDMOEP-UHFFFAOYSA-M,
anth_c,MNXM188,RWZYAGGXGHYGMB-UHFFFAOYSA-M,5459842
ap4a_c,MNXM1089,YOAHKNVSNCMZGQ-XPWFQUROSA-J,25243905
ap5a_c,MNXM2412,OIMACDRJUANHTJ-XPWFQUROSA-I,45479437
apoACP_c,MNXM2214,,
apg120_c,MNXM40226,AJCVDIXUOBZCPE-ZESVVUHVSA-M,45479389
appl_c,MNXM1029,HXKKHQJGJAFBHI-GSVOUGTGSA-O,446260
aps_c,MNXM287,IRLPACMLTUPBCL-KQYNXXCUSA-L,49852317
ara5p_c,MNXM1184,PPQRONHOSHZGFQ-WDCZJNDASA-L,23615240
arab__L_c,MNXM91126,PYMYPHUHKUWMLA-VAYJURFESA-N,5460291
aragund_c,MNXM65126,WYHMIVUCEAXZMZ-LRILUZMESA-L,46173140
arbt6p_c,MNXM2806,FBHYCDOVYMVLEN-RMPHRYRLSA-L,25245837
arbtn_c,MNXM96506,VKZKTOZRSOFPMT-UHFFFAOYSA-K,
arbtn_fe3_c,MNXM1464,KDHHWXGBNUCREU-HOTGVXAUSA-K,25244827
ethso3_c,MNXM7343,CCIVGXIOQKPBKL-UHFFFAOYSA-M,3717105
crn__D_c,MNXM246,PHIQHXFUZVPYII-LURJTMIESA-N,2724480
arg__L_c,MNXM70,ODKSFYDXXFIFQN-BYPYZUCNSA-O,1549073
crnDcoa_c,MNXM3411,BBRISSLDTUHWKG-ZORKKWTOSA-K,52921607
etoh_c,MNXM303,LFQSCWFLJHTTHZ-UHFFFAOYSA-N,702
argsuc_c,MNXM722743,KDZOASGQNOPSCU-ZBHICJROSA-M,46878376
f1p_c,MNXM145568,RHKKZBWRNHGJEZ-VRPWFDPXSA-L,23421194
crncoa_c,MNXM1451,BBRISSLDTUHWKG-PVMHLSDZSA-K,49852355
argtrna_c,MNXM89870,,
csn_c,MNXM761,OPTASPLRGRRNAP-UHFFFAOYSA-N,597
f6p_c,MNXM89621,BGWGXPAPYGQALX-ARQDHWQXSA-L,21604863
ascb6p_c,MNXM2689,KIENGQUGHPTFGC-JLAZNSOCSA-K,54735473
fad_c,MNXM33,IMGVNJNCCGXBHD-UYBVJOGSSA-K,
ctbt_c,MNXM1607,GUYHPGUANSLONG-SNAWJCMRSA-N,5462194
ctbtcoa_c,MNXM2363,WAUPBDVHJXXZGW-HXPULJKESA-K,49852356
asn__L_c,MNXM147,DCXYFEDJOCDNAF-REOHCLBHSA-N,6992089
ctp_c,MNXM63,PCDQPRRSZKQHHS-XVFCMESISA-J,7058166
fadh2_c,MNXM38,YPZRHBJKEMOYQH-UYBVJOGSSA-L,46931118
asntrna_c,MNXM89761,,
fald_c,MNXM56,WSFSSNUMVMOOMR-UHFFFAOYSA-N,712
fc1p_c,MNXM1749,KNYGWWDTPGSEPD-LFRDXLMFSA-L,6857414
cu_c,MNXM3568,VMQMZMRVKUZKQL-UHFFFAOYSA-N,104815
aso3_c,MNXM658,AQLMHYSWFMLWBS-UHFFFAOYSA-N,6857431
cu2_c,MNXM632,JPVYNHNXODAKFH-UHFFFAOYSA-N,27099
fcl__L_c,MNXM1748,QZNPNKJXABGCRC-LFRDXLMFSA-N,6857362
aso4_c,MNXM970,DJHGAFSJWGLOIV-UHFFFAOYSA-L,233
fdp_c,MNXM417,RNBGYGVWRKECFJ-VRPWFDPXSA-J,21125049
cyan_c,MNXM254,LELOWRISYMNNSU-UHFFFAOYSA-N,768
asp__L_c,MNXM42,CKLJMWTZIZZHCS-REOHCLBHSA-M,5460294
cynt_c,MNXM1191,XLJMAIOERFSOGZ-UHFFFAOYSA-M,105034
fe2_c,MNXM111,CWYNVVGOOAEACU-UHFFFAOYSA-N,27284
aspsa_c,MNXM361,HOSWPDPVFBCLSY-VKHMYHEASA-N,5287708
fe3_c,MNXM196,VTLYFUHAOXGGBS-UHFFFAOYSA-N,29936
fe3dhbzs_c,MNXM5748,IHUQSEJNRLOEKL-UHFFFAOYSA-N,
cys__D_c,MNXM2112,XUJNEKJLAYXESH-UWTATZPHSA-N,6419721
asptrna_c,MNXM90839,,
cys__L_c,MNXM55,XUJNEKJLAYXESH-REOHCLBHSA-N,6419722
fe3hox_c,MNXM57764,TZTOIBKTIUBWAR-UHFFFAOYSA-N,
athr__L_c,MNXM2125,AYFVYJQAPQTCCC-HRFVKAFMSA-N,6995276
fe3hox_un_c,MNXM90823,,
cyst__L_c,MNXM319,ILRYLPWNYFXEMH-WHFBIAKZSA-N,25243997
athtp_c,MNXM8249,FGOYXNBJKMNPDH-SAJUPQAESA-L,15938961
cystrna_c,MNXM155005,,
fecrm_c,MNXM2825,GGUNGDGGXMHBMJ-OCIDDWSYSA-N,121489511
atp_c,MNXM3,ZKHQWZAMYRWXGA-KQYNXXCUSA-J,5461108
fecrm_un_c,MNXM53290,ZZDYFKJSJLUQON-UFYCRDLUSA-N,90658043
feenter_c,MNXM7354,NGILTSZTOFYVBF-UVJOBNTFSA-H,16048613
cytd_c,MNXM338,UHDGCWIWMRVCDJ-XVFCMESISA-N,6175
dad_2_c,MNXM625,OLXZPDWKRNYJJZ-RRKCRQDMSA-N,13730
b2coa_c,MNXM214,KFWWCMJSYSSPSK-PAXLJYGASA-J,45266565
dad_5_c,MNXM316,XGYIMTFOTBMPFP-KQYNXXCUSA-N,439182
feoxam_c,MNXM162837,SRMBQCVUAVULDJ-UHFFFAOYSA-O,123851
bbtcoa_c,MNXM5762,QAMRRBGWSPTAEJ-SVHODSNWSA-K,50909885
feoxam_un_c,MNXM90827,,
fgam_c,MNXM453,VDXLUNDMVKSKHO-ZRTZXPPTSA-L,45266641
dadp_c,MNXM374,DAEAPNUQQAICNR-RRKCRQDMSA-K,21125569
betald_c,MNXM457,SXKNCCSPZDCRFD-UHFFFAOYSA-N,249
damp_c,MNXM432,KHWCHTKSEGGWEX-RRKCRQDMSA-L,22848660
flxr_c,MNXM6271,,
bglycogen_c,MNXM8348,BYSGBSNPRWKUQH-UHFFFAOYSA-N,4471484
flxso_c,MNXM145809,,
dann_c,MNXM1140,KCEGBPIYGIWCDH-UHFFFAOYSA-O,25245451
bmoco_c,MNXM147053,IHRHKHANGAHFPM-BURDSJQCSA-F,136630911
datp_c,MNXM286,SUYVUBYJARFZHO-RRKCRQDMSA-J,25320183
fmettrna_c,MNXM95381,,
bmoco1gdp_c,MNXM148110,,
fmn_c,MNXM119,ANKZYBDXHMZBDK-SCRDCRAPSA-K,
db4p_c,MNXM2323,OKYHYXLCTGGOLM-UHFFFAOYSA-L,21983291
bmocogdp_c,MNXM147054,,
dc2coa_c,MNXM580,MGNBGCRQQFMNBM-YJHHLLFWSA-J,5280768
fmnh2_c,MNXM208,YTNIXZGTHTVJBW-SCRDCRAPSA-L,44229161
btal_c,MNXM1017,ZTQSAGDEMFDKMZ-UHFFFAOYSA-N,261
for_c,MNXM39,BDAGIHXWWSANSR-UHFFFAOYSA-M,283
dca_c,MNXM162295,GHVNFZFCNZKVNT-UHFFFAOYSA-M,4678093
btcoa_c,MNXM233,CRFNGMNYKDXRTN-CITAKDKDSA-J,45266598
dcaACP_c,MNXM90236,,
forcoa_c,MNXM563,SXMOKYXNAPLNCW-GORZOVPNSA-J,45266602
btn_c,MNXM304,YBJHBAHKTGYVGT-ZKWXMUAHSA-M,6560210
fpram_c,MNXM479745,PMCOGCVKOAOZQM-ZRTZXPPTSA-M,154046532
dcacoa_c,MNXM162283,,
btnso_c,MNXM3932,KCSKCIQYNAOBNQ-YBSFLMRUSA-M,25244087
dcamp_c,MNXM565,OFBHPPMPBOJXRT-DPXQIYNJSA-J,46878398
fprica_c,MNXM456,ABCOOORLYAOBOZ-KQYNXXCUSA-L,45266654
but_c,MNXM162281,FERIUCNNQQJTOY-UHFFFAOYSA-M,104775
frdp_c,MNXM34,VWFJDQUYCIWHTN-YFVJMOTDSA-K,15983959
dcdp_c,MNXM411,FTDHDKPUHBLBTL-SHYZEUOFSA-K,21122964
dcmp_c,MNXM266,NCMVOABPESMRCP-SHYZEUOFSA-L,7058169
but2eACP_c,MNXM3229,,
dctp_c,MNXM360,RGWHQCVHVJXOKC-SHYZEUOFSA-J,25244665
dcyt_c,MNXM704,CKTSBUTUHBMZGZ-SHYZEUOFSA-N,13711
fru_c,MNXM175,RFSUNEUAIZKAJO-VRPWFDPXSA-N,439163
frulys_c,MNXM1742,BFSYFTQDGRDJNV-AYHFEMFVSA-O,49859675
butACP_c,MNXM90458,,
frulysp_c,MNXM11605,QIDCVMFXCBUXKB-UHFFFAOYSA-N,
dd2coa_c,MNXM642,IRFYVBULXZMEDE-DEEZISNZSA-J,45266564
butso3_c,MNXM7138,QDHFHIQKOVNCNC-UHFFFAOYSA-M,3704751
ddca_c,MNXM162258,POULHZVOKOAJMA-UHFFFAOYSA-M,4149208
fruur_c,MNXM1660,PTCIWUZVDIQTOW-XDJBDKDSSA-M,25245784
bwco_c,MNXM148529,,
fuc__L_c,MNXM40586,PNNNRSAQSRJVSB-KCDKBNATSA-N,3034656
fum_c,MNXM93,VZCYOOQTPOCHFL-OWOJBTEDSA-L,5460307
ddcaACP_c,MNXM89851,,
bwco1gdp_c,MNXM148530,,
ddcacoa_c,MNXM363,YMCXGHLSVALICC-GMHMEAMDSA-J,25113193
g1p_c,MNXM89588,HXXFSFRBOHSIMQ-GASJEMHNSA-L,23421198
bwcogdp_c,MNXM149209,,
g3p_c,MNXM74,LXJXRIRHZLFYRP-VKHMYHEASA-L,24794350
ddcap_c,MNXM147470,,
ca2_c,MNXM128,BHPQYMZQTOCNFJ-UHFFFAOYSA-N,271
dgdp_c,MNXM436,CIKGWCTVFSRMJU-KVQBGUIXSA-K,135398594
g3pc_c,MNXM367,SUHOQUVVVLNYQR-MRVPVSSYSA-N,657272
camp_c,MNXM243,IVOMOUWHDPKRLL-KQYNXXCUSA-M,7059571
g3pe_c,MNXM368,JZNWSCPGTDBMEW-YFKPBYRVSA-N,5459861
dgmp_c,MNXM546,LTFMZDNNPPEQNG-KVQBGUIXSA-L,135398596
cbasp_c,MNXM465,HLKXYZVTANABHZ-REOHCLBHSA-L,5460257
dgslnt_c,MNXM7767,GJEZZQVPWMCGSB-BJDJZHNGSA-L,70679037
g3pg_c,MNXM598,LLCSXHMJULHSJN-UHFFFAOYSA-M,25202983
cbi_c,MNXM1549,XQRJFEVDQXEIAX-JFYQDRLCSA-M,
g3pi_c,MNXM1517,BMVUIWJCUQSHLZ-UJGXJMNGSA-M,45480544
dgsn_c,MNXM647,YKBGVTZYEHREMT-KVQBGUIXSA-N,135398592
cbl1_c,MNXM91519,OMAOKVYASDIYQG-DSRCUDDDSA-L,
dgtp_c,MNXM344,HAAZLUGHYHWQIW-KVQBGUIXSA-J,135398598
g3ps_c,MNXM97117,ZWZWYGMENQVNFU-UHNVWZDZSA-M,57339260
cbm_c,MNXM742,KXDHJXZQYSOELW-UHFFFAOYSA-M,276
g6p_c,MNXM160,NBSCHQHZLSJFNQ-GASJEMHNSA-L,23421199
dha_c,MNXM460,RXKJFZQQPQGTFL-UHFFFAOYSA-N,670
cbp_c,MNXM138,FFQKYPRQEYGKAF-UHFFFAOYSA-L,3423467
dhap_c,MNXM77,GNGACRATGGDKBX-UHFFFAOYSA-L,4643300
cd2_c,MNXM4505,WLZRMCYVCSSEQC-UHFFFAOYSA-N,31193
dhcinnm_c,MNXM1130,SIUKXCMDYPYCLH-SNAWJCMRSA-M,54724355
gagicolipa_c,MNXM54163,XCYFJKYUDKZCQY-RQZVRRRJSA-C,
gal_c,MNXM390,WQZGKKKJIJFFOK-PHYPRBDBSA-N,439357
cddec5eACP_c,MNXM163784,,
dhf_c,MNXM281,OZRNSSUDZOLUSN-LBPRGKRZSA-L,135398603
gal1p_c,MNXM336,HXXFSFRBOHSIMQ-FPRJBGLDSA-L,7098639
cdec3eACP_c,MNXM7186,,
galct__D_c,MNXM1080,DSLZVSRJTYRBFB-DUHBMQHGSA-L,5459845
dhgly_c,MNXM1984,TVMUHOAONWHJBV-UHFFFAOYSA-N,3080609
cdg_c,MNXM5026,XIUIRSLBMMTDSK-UHFFFAOYSA-M,136041714
dhmpt_c,MNXM148224,,
galctn__D_c,MNXM1734,RGHNJXZEOKUKBD-MGCNEYSASA-M,5461127
cdp_c,MNXM220,ZWIADYZPOWUWEW-XVFCMESISA-K,20056867
galctn__L_c,MNXM636,RGHNJXZEOKUKBD-RSJOWCBRSA-M,44229140
dhmptp_c,MNXM93349,DGGUVLXVLHAAGT-NJGYIYPDSA-K,25203084
cdpdddecg_c,MNXM4507,PTPPKXVNJJIECF-UHFFFAOYSA-L,
dhna_c,MNXM552,VOJUXHHACRXLTD-UHFFFAOYSA-M,54706667
galt1p_c,MNXM1667,GACTWZZMVMUKNG-DPYQTVNSSA-L,21145148
cdpdhdec9eg_c,MNXM4508,LBKBJHVQQNUXGQ-BQUKFSKHSA-L,
galur_c,MNXM48464,AEMOLEFTQBMNLQ-YMDCURPLSA-M,46173511
dhnpt_c,MNXM162359,YQIFAMYNGGOTFB-XINAWCOVSA-N,135398602
cdpdhdecg_c,MNXM3232,,
dhor__S_c,MNXM252,UFIVEPVSAGBUSI-REOHCLBHSA-M,5460289
gam1p_c,MNXM969,YMJBYRVFGYXULK-QZABAPFNSA-M,25243931
cdpdodec11eg_c,MNXM4509,KISJWPWNABZPGN-IGIWICMZSA-L,
gam6p_c,MNXM370,XHMJOUIAFHJHBW-IVMDWMLBSA-M,45266742
dhpmp_c,MNXM1645,PLSQMGZYOGSOCE-XINAWCOVSA-L,135398607
cdpdodecg_c,MNXM45856,PDCWLWQTNQCGRI-IGIWICMZSA-L,49859559
dhpppn_c,MNXM826,QZDSXQJWBGMRLU-UHFFFAOYSA-M,9543123
gar_c,MNXM463,OBQMLSFOUZUIOB-HJZCUYRDSA-M,45266651
cdpdtdec7eg_c,MNXM4511,VDJIEKQUDMPHPA-WNAWUNHNSA-L,
garagund_c,MNXM55196,QZKSQRMITRSRFM-QUNHHUOXSA-L,46173427
dhpt_c,MNXM722728,WBFYVDCHGVNRBH-UHFFFAOYSA-M,135476773
gbbtn_c,MNXM626,JHPNVNIEXXLNTR-UHFFFAOYSA-N,725
cdpdtdecg_c,MNXM4512,ICFWXMWHAMIZGF-WNAWUNHNSA-L,102515032
gcald_c,MNXM349,WGCNASOHLSPBMP-UHFFFAOYSA-N,756
dhptd_c,MNXM2449,UYTRITJAZOPLCZ-BYPYZUCNSA-N,11170991
cechddd_c,MNXM1636,RKDFGWAXBBGKMR-APPZFPTMSA-M,9543127
dhptdn_c,MNXM2952,KVDQMARGGBLIJM-UHFFFAOYSA-N,167
gdp_c,MNXM30,QGWNDRXFNXRZMB-UUOKFMHZSA-K,135398618
cenchddd_c,MNXM2161,AEUBLTTWYCDTGM-HXOXMVQHSA-M,46878521
gdpddman_c,MNXM516,PNHLMHWWFOPQLK-BKUUWRAGSA-L,135398620
didp_c,MNXM2174,BKUSIKGSPSFQAC-RRKCRQDMSA-K,135874855
cgly_c,MNXM683,ZUKPVRWZDMRIEO-VKHMYHEASA-N,7098621
dimp_c,MNXM1922,PHNGFPPXDJJADG-RRKCRQDMSA-L,135398613
gdpfuc_c,MNXM193,LQEBEXMHBLQMDB-JGQUBWHWSA-L,135956775
chol_c,MNXM90,OEYIOHPDSNJKLS-UHFFFAOYSA-N,305
gdpmann_c,MNXM82,MVMSCBBUIHUTGJ-GDJBGNAASA-L,135398626
din_c,MNXM935,VGONTNSXDCQUGY-RRKCRQDMSA-N,135398593
chor_c,MNXM337,WTFXTQVDAKGDEY-HTQZYQBOSA-L,5460312
gdpofuc_c,MNXM54801,PNHLMHWWFOPQLK-WAMCPPDZSA-L,153274236
chtbs6p_c,MNXM11353,KYKNQNQCPWDNAK-CBTAGEKQSA-L,46926222
gdptp_c,MNXM1561,KCPMACXZAITQAX-UUOKFMHZSA-H,135398628
ditp_c,MNXM1325,UFJPAQSLHAGEBL-RRKCRQDMSA-J,135398615
cinnm_c,MNXM438,WBYWAXJHAXSJNI-VOTSOKGWSA-M,5957728
dmbzid_c,MNXM1531,LJUQGASMPRMWIW-UHFFFAOYSA-N,675
gfgaragund_c,MNXM54130,SOZYQWIVOMQYML-KIWKAZHESA-L,46173096
gg4abut_c,MNXM1406,MKYPKZSGLSOGLL-LURJTMIESA-M,25245457
ggagicolipa_c,MNXM55192,WLEFLXRCTUWFSD-CCRRCLIHSA-C,
dmlz_c,MNXM1313,SXDXRJZUAJBNFL-XKSSXDPKSA-M,46931117
dmpp_c,MNXM132,CBIDRCWHNCKSTO-UHFFFAOYSA-K,15983958
cit_c,MNXM131,KRKNYBCHXYNGOX-UHFFFAOYSA-K,31348
dms_c,MNXM444,QMMFVYPAHWMCMS-UHFFFAOYSA-N,1068
ggbutal_c,MNXM1378,JZNLEPLZUABCSQ-ZETCQYMHSA-N,25246104
gggagicolipa_c,MNXM55193,DJHBKVISRABJNG-HEIPHTFDSA-C,
citr__L_c,MNXM211,RHGKLRLOHDJJDR-BYPYZUCNSA-N,6992098
ggptrc_c,MNXM54308,WKGTVHGVLRCTCF-UHFFFAOYSA-O,25244807
dmso_c,MNXM745,IAZDPXIOMUYVGZ-UHFFFAOYSA-N,679
ckdo_c,MNXM535,YWWJKULNWGRYAS-UOVSKDHASA-L,91825729
dnad_c,MNXM309,SENPVEZBRZQVST-HISDBWNOSA-L,45266646
ghb_c,MNXM514,SJZRECIVHVDYJC-UHFFFAOYSA-M,3037032
cl_c,MNXM43,VEXZGXHMUGYJMC-UHFFFAOYSA-M,312
gicolipa_c,MNXM55194,JIYBFSMTJJSDHN-XHEUBBKESA-C,
dpcoa_c,MNXM481,KDTSHFARGAKYJN-IBOSZNHHSA-L,45266562
cmp_c,MNXM31,IERHLVCPSMICTF-XVFCMESISA-L,7058165
dsbdox_c,MNXM97001,,
glc__D_c,MNXM41,WQZGKKKJIJFFOK-GASJEMHNSA-N,5793
co2_c,MNXM13,CURLTUGMZLYLDI-UHFFFAOYSA-N,280
glcn_c,MNXM341,RGHNJXZEOKUKBD-SQOUGZDYSA-M,6419706
dsbdrd_c,MNXM8620,,
coa_c,MNXM12,RGJOEKWQDUBAIZ-IBOSZNHHSA-J,25113190
dscl_c,MNXM672,OQIIYZQTTMKFAU-ZNLOQLQNSA-G,25245987
glcr_c,MNXM744,DSLZVSRJTYRBFB-LLEIAEIESA-L,5288393
cobalt2_c,MNXM90960,XLJKHNWPARRRJB-UHFFFAOYSA-N,104729
glcur_c,MNXM241,AEMOLEFTQBMNLQ-AQKNRBDQSA-M,16740916
dtbt_c,MNXM1020,AUTOLBMXDDTRRT-UHFFFAOYSA-M,25244917
colipa_c,MNXM47647,SFVRSCGTAWOHDB-JMYCZVSXSA-C,46173498
dtdp_c,MNXM152,UJLXYODCHAELLY-XLPZGREQSA-K,21124327
gln__L_c,MNXM37,ZDXPYRJPNDTMRX-VKHMYHEASA-N,6992086
cpe160_c,MNXM48208,DTFRUHREBAYLCS-UHFFFAOYSA-M,45479332
glntrna_c,MNXM89810,,
dtdp4aaddg_c,MNXM3015,YHXQWYBLXUELDA-ZCVKINLTSA-L,51351659
dtdp4addg_c,MNXM114295,UIVJXHWSIFBBCY-WDQPOOCWSA-M,46878407
cpe180_c,MNXM48209,HCFAHMIUAQMBSN-UHFFFAOYSA-M,45479516
dtdp4d6dg_c,MNXM451,PSXWNITXWWECNY-UCBTUHGZSA-L,25244163
glu__D_c,MNXM331,WHUUTDBJXJRKMK-GSVOUGTGSA-M,5460297
glu__L_c,MNXM89557,WHUUTDBJXJRKMK-VKHMYHEASA-M,5460299
cpg160_c,MNXM48210,OBXHKDVMOWISFV-UHFFFAOYSA-M,45479273
glu1sa_c,MNXM1453,MPUUQNGXJSEWTF-BYPYZUCNSA-N,25244684
dtdp4d6dm_c,MNXM2371,PSXWNITXWWECNY-LPVGZGSHSA-L,53356769
cpg180_c,MNXM48211,ACOSNNHXZDLJJE-UHFFFAOYSA-M,45479545
dtdpglu_c,MNXM1376,YSYKRGRSMLTJNL-URARBOGNSA-L,25202390
glu5p_c,MNXM1280,PJRXVIJAERNUIP-VKHMYHEASA-L,44457531
cpgn_c,MNXM114191,FQIVLXIUJLOKPL-DWZMLRRXSA-N,76957149
glu5sa_c,MNXM245,KABXUUFDPUOJMW-BYPYZUCNSA-N,49791979
dtdprmn_c,MNXM899,ZOSQFDVXNQFKBY-CGAXJHMRSA-L,25245982
cpgn_un_c,MNXM2999,UOAJJXLNFIOBGG-WGRRYVMGSA-N,122404798
dtmp_c,MNXM257,GYOZYWVXFNDGLU-XLPZGREQSA-L,16755631
glucys_c,MNXM412,RITKHVBHSGLULN-WHFBIAKZSA-M,7059430
cph4_c,MNXM3194,QSIYONWVWDSRRO-UHFFFAOYSA-M,135911924
glutrna_c,MNXM89752,,
dttp_c,MNXM394,NHVNXKFIZYSCEB-XLPZGREQSA-J,11988283
cpmp_c,MNXM725870,CZAKJJUNKNPTTO-AJFJRRQVSA-N,135463437
dudp_c,MNXM572,QHWZTVCCBMIIKE-SHYZEUOFSA-K,25246037
glx_c,MNXM69,HHLFWLYXYJOTON-UHFFFAOYSA-M,3614358
gly_c,MNXM29,DHMQDGOQFOQNFH-UHFFFAOYSA-N,5257127
cpppg3_c,MNXM410,NIUVHXTXUXOFEB-UHFFFAOYSA-J,20849114
glyald_c,MNXM435,MNQZXJOMYWMBOU-VKHMYHEASA-N,79014
dump_c,MNXM234,JSRLJPSBLDHEIO-SHYZEUOFSA-L,18601100
crn_c,MNXM173,PHIQHXFUZVPYII-ZCFIWIBFSA-N,10917
duri_c,MNXM492,MXHRCPNRJAMMIM-SHYZEUOFSA-N,13712
glyb_c,MNXM289,KWIUHFFTVRNATP-UHFFFAOYSA-N,247
glyc2p_c,MNXM2527,DHCLVCXQIBBOPH-UHFFFAOYSA-L,3611397
glyc_c,MNXM89612,PEDCQBHIVMGVHV-UHFFFAOYSA-N,753
glyc__R_c,MNXM189,RBNPOMFGQQGHHO-UWTATZPHSA-M,5460358
dutp_c,MNXM452,AHCYMLUZIRLXAA-SHYZEUOFSA-J,25244408
dxyl_c,MNXM2454,IGUZJYCAXLYZEE-RFZPGFLSSA-N,9548569
dxyl5p_c,MNXM622,AJPADPZSRRUGHI-RFZPGFLSSA-L,23420274
glyc3p_c,MNXM66,AWUCVROLDVIAJX-GSVOUGTGSA-L,7048686
e4p_c,MNXM258,NGHMDNPXVRFFGS-IUYQGCFVSA-L,5459862
glyclt_c,MNXM222,AEMRFAOFKBGASW-UHFFFAOYSA-M,5460308
egmeACP_c,MNXM11489,,
glycogen_c,MNXM55375,LUEWUZLMQUOBSB-UHFFFAOYSA-N,870
eig3p_c,MNXM1422,HFYBTHCYPKEDQQ-RITPCOANSA-L,5459954
glytrna_c,MNXM89763,,
enter_c,MNXM883,SERBHKJMVBATSJ-BZSNNMDCSA-M,86289367
lcts_c,MNXM362,GUBGYTABKSRVRQ-QKKXKWKRSA-N,440995
gmeACP_c,MNXM11700,,
leu__L_c,MNXM140,ROHFNLRQFUQHCH-YFKPBYRVSA-N,7045798
epmeACP_c,MNXM11490,,
etha_c,MNXM218,HZAXFHJVJLSVMW-UHFFFAOYSA-O,444693
gmhep17bp_c,MNXM48518,LMTGTTLGDUACSJ-NNPWBXLPSA-J,46878527
leutrna_c,MNXM697,,
gmhep1p_c,MNXM1661,KMEJCSKJXSBBAN-QTNLNCNHSA-L,40473183
lgt__S_c,MNXM1253,VDYDCVUWILIYQF-CSMHCCOUSA-M,46878377
gmhep7p_c,MNXM722761,SDADNVAZGVDAIM-ZUHYCWGWSA-L,46906051
lipa_c,MNXM946,DIXUKJUHGLIZGU-OIPVZEHTSA-H,25244473
gmp_c,MNXM113,RQFCJASXJCIDSX-UUOKFMHZSA-L,135398630
lipa_cold_c,MNXM6016,YMYMIWUIGJUAIZ-LSPGFKFTSA-H,25246139
gp4g_c,MNXM1582,OLGWXCQXRSSQPO-MHARETSRSA-J,135398584
lipidA_c,MNXM1754,KVJWZTLXIROHIL-QDORLFPLSA-J,10329123
lipidAds_c,MNXM1569,HLDJGHAAKRKPAV-QDORLFPLSA-L,25244866
grdp_c,MNXM100,GVVPGTZRZFNKDS-JXMROGBWSA-K,19379894
lipidX_c,MNXM1839,HEHQDWUWJVPREQ-XQJZMFRCSA-L,25244842
grxox_c,MNXM90831,,
lipoamp_c,MNXM2392,QWEGOCJRZOKSOE-ADUAKINBSA-M,25245420
ocdcap_c,MNXM147528,,
grxrd_c,MNXM90719,,
ocdcea_c,MNXM306,ZQPPMHVWECSIRJ-KTKRTIGZSA-M,5460221
ocdceap_c,MNXM147529,,
octa_c,MNXM750,WWZKQHOCKIZLMA-UHFFFAOYSA-M,119389
lipoate_c,MNXM1484,AGBQKNBQESQNJD-SSDOTTSWSA-M,1549144
lipopb_c,MNXM147499,,
lys__L_c,MNXM78,KDXKERNSBIXSRK-YFKPBYRVSA-O,5460926
gslnt_c,MNXM148268,,
lystrna_c,MNXM89922,,
lyx__L_c,MNXM4641,SRBFZHDQGSBBOR-AEQNFAKKSA-N,439508
octapb_c,MNXM147531,,
octdp_c,MNXM811,IKKLDISSULFFQO-DJMILUHSSA-K,25245331
gsn_c,MNXM401,NYHBQMYGNKIUIF-UUOKFMHZSA-N,135398635
octeACP_c,MNXM89950,,
mal__D_c,MNXM1608,BJEPYKJPYRNKOW-UWTATZPHSA-L,5459794
gthox_c,MNXM151,YPZRWBKMTBYPTK-BJDJZHNGSA-L,40467895
mal__L_c,MNXM98,BJEPYKJPYRNKOW-REOHCLBHSA-L,5459792
od2coa_c,MNXM954,NBCCUIHOHUKBMK-ZDDAFBBHSA-J,25244344
gthrd_c,MNXM57,RWSXRVCMGQZWBV-WDSKDSINSA-M,7048684
odecoa_c,MNXM1848,XDUHQPOXLUAVEE-ZXQNDDKTSA-N,5280355
malACP_c,MNXM184,,
gtp_c,MNXM51,XKMLYUALXHKNFT-UUOKFMHZSA-J,135398632
malcoa_c,MNXM40,LTYOQGRJFJAKNA-DVVLENMVSA-I,45266608
ogmeACP_c,MNXM147799,,
gtspmd_c,MNXM1329,NEDQLXHBVHSKNV-STQMWFEESA-P,46931099
ohpb_c,MNXM1514,MZJFVXDTNBHTKZ-UWTATZPHSA-K,45266680
malcoame_c,MNXM97130,CHQAJZULNPRMEN-FZEDXVDRSA-J,70679148
gua_c,MNXM259,UYTPUPDQBNUYGX-UHFFFAOYSA-N,135398634
malt_c,MNXM165,GUBGYTABKSRVRQ-PICCSMPSSA-N,439186
malt6p_c,MNXM2394,ITPHOIFCAFNCLL-ASMJPISFSA-L,25200370
op4en_c,MNXM312,NOXRYJAWRSNUJD-UHFFFAOYSA-M,9543147
h_c,MNXM1,GPRLSGONYQIRFK-UHFFFAOYSA-N,1038
opmeACP_c,MNXM147801,,
malthp_c,MNXM61025,ZHZITDGOAFCURV-VVTKTIMZSA-N,169622
h2_c,MNXM195,UFHFLCQGNIYNRP-UHFFFAOYSA-N,783
malthx_c,MNXM1317,OCIBBXPLUVYKCH-QXVNYKTNSA-N,5288409
orn_c,MNXM89689,AHLPHDHHMVZTML-BYPYZUCNSA-O,6992088
orot_c,MNXM235,PXQPEWDEAKTCGB-UHFFFAOYSA-M,1492348
maltpt_c,MNXM1538,FTNIPWXXIGNQQF-DWTFCAFKSA-N,13489094
h2mb4p_c,MNXM606,MDSIZRKJVDMQOQ-GORDUTHDSA-K,21597501
orot5p_c,MNXM519,KYOBSHFOBAOFBF-XVFCMESISA-K,46878393
h2o_c,MNXM2,XLYOFNOQVPJJNP-UHFFFAOYSA-N,962
oxa_c,MNXM291,MUBZPKHOEPUJKR-UHFFFAOYSA-L,71081
malttr_c,MNXM468,FYGDTMLNYKFZSV-PXXRMHSHSA-N,192826
maltttr_c,MNXM5663,LUEWUZLMQUOBSB-ZLBHSGTGSA-N,446495
h2o2_c,MNXM22,MHAJPDPJQMAIIY-UHFFFAOYSA-N,784
man_c,MNXM182,WQZGKKKJIJFFOK-QTVWNMPRSA-N,18950
oxadpcoa_c,MNXM1264,VKKKAAPGXHWXOO-BIEWRJSYSA-I,45266578
h2s_c,MNXM89582,RWSOTUBLDIXVET-UHFFFAOYSA-M,5047209
man1p_c,MNXM721,HXXFSFRBOHSIMQ-RWOPYEJCSA-L,25245607
hco3_c,MNXM60,BVKZGUZCCUSVTD-UHFFFAOYSA-M,769
man6p_c,MNXM427,NBSCHQHZLSJFNQ-QTVWNMPRSA-L,23421200
oxalcoa_c,MNXM618,QVXMZFTWJVBUHP-IBOSZNHHSA-I,45266609
hcys__L_c,MNXM123,FFFHZYDWPBMWHY-UHFFFAOYSA-N,49791978
oxam_c,MNXM3329,SOWBFZRMHSNYGE-UHFFFAOYSA-M,3017661
man6pglyc_c,MNXM3470,BOLXAGHGKNGVBE-MTXRGOKVSA-K,46906104
hdca_c,MNXM108,IPCSVZSSVZVIGE-UHFFFAOYSA-M,504166
mana_c,MNXM1045,RGHNJXZEOKUKBD-MBMOQRBOSA-M,5460054
mdhdhf_c,MNXM9407,CCVJVKWZZMMBHB-WVZVXSGGSA-N,44123557
oxur_c,MNXM1088,UWBHMRBRLOJJAA-UHFFFAOYSA-M,20151193
hdcap_c,MNXM147481,,
pa120_c,MNXM90509,OKLASJZQBDJAPH-UHFFFAOYSA-M,3702281
melib_c,MNXM8340,DLRVVLDZNNYCBX-ZZFZYMBESA-N,11458
hdcea_c,MNXM950,SECPZKHBENQXJG-UHFFFAOYSA-M,25201283
meoh_c,MNXM157,OKKJLVBELUTLKV-UHFFFAOYSA-N,887
pa140_c,MNXM51017,OZSITQMWYBNPMW-GDLZYMKVSA-L,25202369
hdceap_c,MNXM147482,,
pa141_c,MNXM90512,YHCODXWOEMUSCB-UHFFFAOYSA-M,
mercppyr_c,MNXM1214,OJOLFAIGOXZBCI-UHFFFAOYSA-M,4182595
pa160_c,MNXM17312,PORPENFLTBBHSG-MGBGTMOVSA-L,25201390
hdcoa_c,MNXM90167,QBYOCCWNZAOZTL-RRXNTRIDSA-N,52922046
pa161_c,MNXM90510,YLDMPBGXNLGSQO-UHFFFAOYSA-M,
met__D_c,MNXM1275,FFEARJCKVFRZRR-SCSAIBSYSA-N,6992109
hdd2coa_c,MNXM581,JUPAQFRKPHPXLD-MSHHSVQMSA-J,46173176
met__L_c,MNXM61,FFEARJCKVFRZRR-BYPYZUCNSA-N,6992087
methf_c,MNXM511,MEANFMOQMXYMCT-OLZOCXBDSA-M,135926594
pa180_c,MNXM51279,YFWHNAWEOZTIPI-DIPNUNPCSA-L,25200924
hdeACP_c,MNXM89949,,
pa181_c,MNXM90511,LMYYBYHAZAFVTR-UHFFFAOYSA-M,
metsox_R__L_c,MNXM2245,QEFRNWWLZKMPFJ-ZXPFJRLXSA-N,11862103
pac_c,MNXM497,WLJVXDMOQOGPHL-UHFFFAOYSA-M,4409936
hemeO_c,MNXM1278,FISPASSVCDRERW-ARQJTVBPSA-J,
pacald_c,MNXM473,DTUQWGWMVIHBKE-UHFFFAOYSA-N,998
metsox_S__L_c,MNXM2246,QEFRNWWLZKMPFJ-YGVKFDHGSA-N,158980
mettrna_c,MNXM90636,,
hexACP_c,MNXM90722,,
mg2_c,MNXM653,JLVVSXFLKOJNIY-UHFFFAOYSA-N,888
palmACP_c,MNXM2026,,
hg2_c,MNXM1562,BQPIGGFYSBELGY-UHFFFAOYSA-N,26623
pan4p_c,MNXM373,JDMUPRLRUUMCTL-VIFPVBQESA-L,25245905
mi1p__D_c,MNXM646,INAPMGSXUVUWAF-UOTPTPDRSA-L,5288700
hgmeACP_c,MNXM97395,,
micit_c,MNXM1694,HHKPKXCSHMJWCF-WVBDSBKLSA-K,23615311
pant__R_c,MNXM593,OTOIIPJYVQJATP-BYPYZUCNSA-M,5289105
hhlipa_c,MNXM2582,HHPCMWTVGVTYIC-CFEULOSXSA-H,50909858
pap_c,MNXM45,WHTCPDAXWFLDIH-KQYNXXCUSA-J,23615194
mlthf_c,MNXM183,QYNUQALWYRSVHF-OLZOCXBDSA-L,135398644
his__L_c,MNXM134,HNDVDQJCIGZPNO-YFKPBYRVSA-N,6971009
mmcoa__S_c,MNXM89955,MZFOKIKEPGUZEN-IBNUZSNCSA-I,45266561
paps_c,MNXM49,GACDQMDRPRGCTN-KQYNXXCUSA-J,46926099
hisp_c,MNXM1482,CWNDERHTHMWBSI-YFKPBYRVSA-M,49791964
pdx5p_c,MNXM454,WHOMFKWHIQZTHY-UHFFFAOYSA-L,24794348
mmet_c,MNXM1119,YDBYJHTYSHBBAU-YFKPBYRVSA-O,7098638
mn2_c,MNXM2255,WAEMQWOKJMHJLA-UHFFFAOYSA-N,27854
histd_c,MNXM1281,ZQISRDCJNBUVMM-YFKPBYRVSA-O,6950298
mnl1p_c,MNXM90126,GACTWZZMVMUKNG-KVTDHHQDSA-L,23615341
moadamp_c,MNXM148352,,
pe120_c,MNXM2858,ZLGYVWRJIZPQMM-UHFFFAOYSA-N,108390
pe140_c,MNXM2859,NEZDNQCXEZDCBI-UHFFFAOYSA-N,75228634
pe141_c,MNXM3693,GYSOQFNJPRBSQI-UHFFFAOYSA-N,
histrna_c,MNXM89831,,
pe160_c,MNXM32178,SLKDGVPOSSLUAI-PGUFJCEWSA-N,11802774
moadcoo_c,MNXM148353,,
moadcosh_c,MNXM148354,,
pe161_c,MNXM71458,PGPMCWZMPPZJML-UHFFFAOYSA-N,73091991
hkndd_c,MNXM1693,RFENOVFRMPRRJI-AFCKVHGPSA-L,54675844
pe180_c,MNXM31536,LVNGJLRDBYCPGB-LDLOPFEMSA-N,15061530
mobd_c,MNXM1026,MEFBJEMVZONFCJ-UHFFFAOYSA-N,24621
hkntd_c,MNXM2040,WCJYZUFKKTYNLB-PFCALIJCSA-L,54734238
moco_c,MNXM62305,,
pe181_c,MNXM2150,FXSMMNUNFDTUMS-UHFFFAOYSA-N,76042079
hlipa_c,MNXM2680,HPDZKCJEWNZSML-YOZKHJKSSA-H,50909852
pep_c,MNXM73,DTBNBXWJWCWCIK-UHFFFAOYSA-K,3674425
mococdp_c,MNXM62330,WKSPNQYEWZEMMI-FEFZDOOUSA-K,136181838
mocogdp_c,MNXM62333,VQAGYJCYOLHZDH-ILXWUORBSA-K,136181837
hmbil_c,MNXM547,WDFJYRZCZIUBPR-UHFFFAOYSA-F,46931104
mpt_c,MNXM1193,HPEUEJRPDGMIMY-IFQPEPLCSA-K,135398580
pg120_c,MNXM1771,LHCZDUCPSRJDJT-UHFFFAOYSA-N,173953
hmgth_c,MNXM1051,PIUSLWSYOYFRFR-BQBZGAKWSA-M,25244017
pg140_c,MNXM51019,BPHQZTVXXXJVHI-AJQTZOPKSA-M,101129329
mptamp_c,MNXM3054,XJXFAXLUOKQPAQ-YPRLVJTJSA-K,135926597
hom__L_c,MNXM353,UKAUYVFTDYCKQA-VKHMYHEASA-N,6971022
mql8_c,MNXM223,OIEZRVBFVPGODT-WQWYCSGDSA-N,45479636
pg141_c,MNXM2029,CBUSDRUVJCLICO-UHFFFAOYSA-M,
hphhlipa_c,MNXM56168,OCKKDDJUVZAABC-XSAOWLIJSA-G,134820469
pg160_c,MNXM32179,BIABMEZBCHDPBV-MPQUPPDSSA-M,49859575
mqn8_c,MNXM509,LXKDFTDVRVLXFY-WQWYCSGDSA-N,5376507
pg161_c,MNXM75101,GHQNERCMPIDAAU-ANXSUKRNSA-M,75144461
hpmeACP_c,MNXM10038,,
pg180_c,MNXM75102,FVJZSBGHRPJMMA-IOLBBIBUSA-M,49859664
msa_c,MNXM244,OAKURXIZZOAYBC-UHFFFAOYSA-M,9543142
mso3_c,MNXM1485,AFVFQIVMOAPDHO-UHFFFAOYSA-M,85257
hpyr_c,MNXM392,HHDDCCUIIUWNGJ-UHFFFAOYSA-M,4186339
mthgxl_c,MNXM310,AIJULSRZWUXGPQ-UHFFFAOYSA-N,880
pg181_c,MNXM1773,SOLXJHKVRWSNJX-UHFFFAOYSA-M,
hqn_c,MNXM376,QIGBRXMKCJKVMJ-UHFFFAOYSA-N,785
pgp120_c,MNXM5266,LNEADDPQSRWQGI-UHFFFAOYSA-L,
mththf_c,MNXM30887,BVIYGXUQVXBHQS-IUYQGCFVSA-N,448719
hx2coa_c,MNXM753,OINXHIBNZUUIMR-IXUYQXAASA-J,52921640
myrsACP_c,MNXM89779,,
pgp140_c,MNXM5272,QNQMHFGHRCVQGM-UHFFFAOYSA-L,
hxa_c,MNXM1653,FUZZWVXGSFPDMH-UHFFFAOYSA-M,4398339
n2o_c,MNXM579,GQPLMRYTRLFLPF-UHFFFAOYSA-N,948
hxan_c,MNXM213,FDGQSTZJBFJUBT-UHFFFAOYSA-N,135398638
n8aspmd_c,MNXM1679,FONIWJIDLJEJTL-UHFFFAOYSA-P,25201125
na1_c,MNXM27,FKNQFGJONOIPTF-UHFFFAOYSA-N,923
pgp141_c,MNXM5271,GDLXTQRUMWAYHJ-UHFFFAOYSA-L,
hxcoa_c,MNXM162502,,
pgp160_c,MNXM32180,ONJBJMDJKLHMEK-MPQUPPDSSA-K,49859597
pgp161_c,MNXM75103,PTJJTQQVMKSSOK-WXUKJITCSA-K,
na15dap_c,MNXM6170,QZBYOYPROVGOGE-UHFFFAOYSA-Q,25246266
iasp_c,MNXM599,NMUOATVLLQEYHI-UHFFFAOYSA-M,86289392
nac_c,MNXM274,PVNIIMVLHYAWGP-UHFFFAOYSA-M,937
pgp180_c,MNXM75104,UZNYMWWMHBZMLI-IOLBBIBUSA-K,49859650
ichor_c,MNXM799,NTGWPRCCOQCMGE-YUMQZZPRSA-L,5460580
pgp181_c,MNXM5269,JUWFWNRVCXDDFB-UHFFFAOYSA-L,
nad_c,MNXM8,BAWFJGJZGIEFAR-NNYOXOHSSA-M,15938971
icit_c,MNXM89661,ODBLHEXUDAPZAU-UHFFFAOYSA-K,5460172
nadh_c,MNXM10,BOPGDPNILDQYTO-NNYOXOHSSA-L,21604869
phaccoa_c,MNXM502,ZIGIFDRJFZYEEQ-CECATXLMSA-J,45266611
icolipa_c,MNXM57404,YKVGZDADLKRSPK-YRCDCJNSSA-C,
phe__L_c,MNXM97,COLNVLDHVKWLRT-QMMMGPOBSA-N,6925665
nadp_c,MNXM5,XJLXINKUBYWONI-NNYOXOHSSA-K,15938972
nadph_c,MNXM6,ACFIXJIJDZMPPO-NNYOXOHSSA-J,15983949
idon__L_c,MNXM1565,RGHNJXZEOKUKBD-SKNVOMKLSA-M,5459956
ncam_c,MNXM216,DFPAKSUCGFBDDF-UHFFFAOYSA-N,936
pheme_c,MNXM249,KABFMIBPWCXCRK-RGGAHWMASA-J,25203933
idp_c,MNXM495,JPXZQMKKFWMMGK-KQYNXXCUSA-K,135573953
phetrna_c,MNXM89802,,
phhlipa_c,MNXM75132,XNYUHCDJIRFEJF-LIOVHSHWSA-G,134820049
nh4_c,MNXM15,QGZKDVFQNNGYKY-UHFFFAOYSA-O,223
ile__L_c,MNXM231,AGPKZVBTJJNPAG-WHFBIAKZSA-N,7043901
ni2_c,MNXM3673,VEQPNABPJHWNSG-UHFFFAOYSA-N,934
phom_c,MNXM1334,FXDNYOANAXWZHG-VKHMYHEASA-L,46878406
iletrna_c,MNXM89832,,
phphhlipa_c,MNXM75133,MVYTXVAKEAWEGM-WMKPBWIYSA-D,134820124
nicrnt_c,MNXM194,JOUIQRNQJGXQDC-ZYUZMQFOSA-L,46878382
imacp_c,MNXM1456,YCFFMSOLUMRAMD-UHFFFAOYSA-L,25244516
nmn_c,MNXM355,DAYLJWODMCOQEW-TURQNECASA-M,23617374
phpyr_c,MNXM162242,BTNMPGBKDVTSJY-UHFFFAOYSA-M,4592697
imp_c,MNXM125,GRSZFWQUAKGDAV-KQYNXXCUSA-L,135398639
phthr_c,MNXM759,FKHAKIJOKDGEII-GBXIJSLDSA-L,45480653
no_c,MNXM228,MWUXSHHQAYIFBG-UHFFFAOYSA-N,145068
indole_c,MNXM377,SIKJAQJRHWYJAI-UHFFFAOYSA-N,798
no2_c,MNXM107,IOVCWXUNBOPUCH-UHFFFAOYSA-M,946
no3_c,MNXM207,NHNBFGGVMKEFGY-UHFFFAOYSA-N,943
pi_c,MNXM9,NBIIXXVUZAFLBC-UHFFFAOYSA-L,3681305
inost_c,MNXM127,CDAISMWEOUEBRE-GPIVLXJGSA-N,892
pimACP_c,MNXM12695,LYCRXMTYUZDUGA-UYRKPTJQSA-I,45266589
o16aund_c,MNXM65211,NYDKXESIKHJNQU-FIYHCCFRSA-L,123131523
pmeACP_c,MNXM12694,,
ins_c,MNXM334,UGQMRVRMYYASKQ-KQYNXXCUSA-N,135398641
pmtcoa_c,MNXM88,MNBKLUUYKPBKDU-BBECNAHFSA-J,45266605
pnto__R_c,MNXM364,GHOKWGTUZJEAQD-ZETCQYMHSA-M,167945
o2_c,MNXM4,MYMOFIZGZYHOMD-UHFFFAOYSA-N,977
ipdp_c,MNXM83,NUHSROFQTUXZQQ-UHFFFAOYSA-K,15983957
o2s_c,MNXM330,OUUQCZGPVNCOIJ-UHFFFAOYSA-M,5359597
poaac_c,MNXM3415,WQKGFGLGYOHJOG-UPHRSURJSA-N,46173085
iscs_c,MNXM146401,,
ppa_c,MNXM162260,XBDQKXXYIPTUBI-UHFFFAOYSA-M,104745
oaa_c,MNXM46,KHPXUQMNIQBQEV-UHFFFAOYSA-L,164550
oc2coa_c,MNXM784,CPSDNAXXKWVYIY-NTLMCJQISA-J,46173358
ppal_c,MNXM821,NBBJYMSMWIIQGU-UHFFFAOYSA-N,527
iscssh_c,MNXM146402,,
ppap_c,MNXM1499,FMNMEQSRDWIBFO-UHFFFAOYSA-L,22003434
ocACP_c,MNXM90185,,
iscu_c,MNXM147128,,
occoa_c,MNXM342,KQMZYOXOBSXMII-CECATXLMSA-J,25245711
ppbng_c,MNXM554,QSHWIQZFGQKFMA-UHFFFAOYSA-M,6921588
iscu_2fe2s_c,MNXM147129,,
ppcoa_c,MNXM86,QAQREVBBADEHPA-IEXPHMLFSA-J,45266613
ocdca_c,MNXM236,QIQXTHQIDYTFRH-UHFFFAOYSA-M,3033836
iscu_2fe2s2_c,MNXM148287,,
ocdcaACP_c,MNXM3075,,
ppgpp_c,MNXM1189,BUFLLCUFNHESEH-UUOKFMHZSA-I,135398636
iscu_4fe4s_c,MNXM148286,,
pphn_c,MNXM503,FPWMCUPFBRFMLH-XGAOUMNUSA-L,5460303
isetac_c,MNXM1630,SUMDYPCJJOFFON-UHFFFAOYSA-M,3955599
ppi_c,MNXM11,XPPKVPWEQAFLFU-UHFFFAOYSA-K,4097574
itp_c,MNXM423,HAEJPQIATWHALX-KQYNXXCUSA-J,135398642
ppp9_c,MNXM346,KSFOVUSSGSKXFI-UJJXFSCMSA-L,
pro__L_c,MNXM114,ONIBWKKTOPOVIA-BYPYZUCNSA-N,6971047
pppg9_c,MNXM351,UHSGPDMIQQYNAX-UHFFFAOYSA-L,20849104
k_c,MNXM95,NPYPAHLBTDXSSS-UHFFFAOYSA-N,813
pppi_c,MNXM332,UNXRWKVEANCORM-UHFFFAOYSA-I,3440921
progly_c,MNXM7481,RNKSNIBMTUYWSH-YFKPBYRVSA-N,7408076
kdo_c,MNXM36403,NNLZBVFSCVTSLA-HXUQBWEZSA-M,21681234
protrna_c,MNXM247,,
pppn_c,MNXM1403,XMIIGOLPHOKFCH-UHFFFAOYSA-M,4740700
kdo2lipid4_c,MNXM824,XAOLJGCZESYRFT-VHSKNIDJSA-H,25246224
pram_c,MNXM90003,SKCBPEVYGOQGJN-TXICZTDVSA-M,45266724
prpp_c,MNXM91,PQGCEDQWHSBAJP-TXICZTDVSA-I,20848918
ps120_c,MNXM7659,OGIRYMOFUJJQND-UHFFFAOYSA-L,
kdo2lipid4L_c,MNXM1870,JVUUYJGQIVCMIU-ZODGSCPMSA-H,25244565
ps140_c,MNXM7665,VDYJQKFGBJGFHI-UHFFFAOYSA-L,
pran_c,MNXM1489,PMFMJXPRNJUYMB-GWOFURMSSA-K,9548600
kdo2lipid4p_c,MNXM58983,LDKYKDQAKNLWER-RLUYZOBBSA-H,
prbamp_c,MNXM1515,RTQMRTSPTLIIHM-KEOHHSTQSA-J,45480652
ps141_c,MNXM7664,HKOAHGRIQZVGSE-UHFFFAOYSA-L,
kdo8p_c,MNXM722774,IZZNRKJLBIYBJN-HXUQBWEZSA-K,91825728
ps160_c,MNXM32181,KLFKZIQAIPDJCW-GPOMZPHUSA-M,135550179
prbatp_c,MNXM1351,RKNHJBVBFHDXGR-KEOHHSTQSA-H,71306369
kdolipid4_c,MNXM1206,GPNCBCJEDRRCDW-ACUQGRCXSA-I,25246208
preq0_c,MNXM2207,FMKSMYDYKXQYRV-UHFFFAOYSA-N,135446206
ps161_c,MNXM7660,ZFWZZVIWZXUEAX-UHFFFAOYSA-L,
kphphhlipa_c,MNXM58984,HKWVBDGTKAFRJF-UHFFFAOYSA-C,134820521
ps180_c,MNXM75116,TZCPCKNHXULUIY-RGULYWFUSA-M,49859635
preq1_c,MNXM3198,MEYMBLGOKYDGLZ-UHFFFAOYSA-O,135398562
lac__D_c,MNXM285,JVTAAEKCZFNVCJ-UWTATZPHSA-M,5460179
prfp_c,MNXM1397,QOUSHGMTBIIAHR-KEOHHSTQSA-J,139031403
ps181_c,MNXM7662,HVKLZHWMYVEHMK-UHFFFAOYSA-L,
lac__L_c,MNXM179,JVTAAEKCZFNVCJ-REOHCLBHSA-M,5460161
psclys_c,MNXM6409,BFSYFTQDGRDJNV-CDEVMZEPSA-O,49859644
prlp_c,MNXM1408,BLKFNHOCHNCLII-GHVQHMAVSA-J,45266672
pser__L_c,MNXM379,BZQFBWGGLXLEPQ-REOHCLBHSA-L,7059387
lald__D_c,MNXM909,BSABBBMNWQWLLU-GSVOUGTGSA-N,439350
ptrc_c,MNXM118,KIDHWZJUCRJVML-UHFFFAOYSA-P,3452892
lald__L_c,MNXM2387,BSABBBMNWQWLLU-VKHMYHEASA-N,439231
pyam5p_c,MNXM366,ZMJGSOSNSPKHNH-UHFFFAOYSA-M,25246271
ura_c,MNXM158,ISAKRJDGNUQOIC-UHFFFAOYSA-N,1174
pydam_c,MNXM548,NHZMQXZHNVQTQA-UHFFFAOYSA-O,25245492
pydx_c,MNXM311,RADKZDMFGJYCBB-UHFFFAOYSA-N,1050
pydx5p_c,MNXM161,NGVDGCNFYWLIFO-UHFFFAOYSA-L,644168
taur_c,MNXM282,XOAAWQZATWQOTB-UHFFFAOYSA-N,4068592
tcynt_c,MNXM762,ZMZDMBWJUHKJPS-UHFFFAOYSA-M,9322
td2coa_c,MNXM654,MBCVYCOKMMMWLX-YYMFEJJQSA-J,46173185
tdcoa_c,MNXM224,DUAFKXOFBZQTQE-QSGBVPJFSA-J,25244582
uracp_c,MNXM2304,AJFKXWQDHFYKFK-UPHRSURJSA-N,46173244
tddec2eACP_c,MNXM23842,,
pydxn_c,MNXM419,LXNHXLLTXMVWPM-UHFFFAOYSA-N,1054
pyr_c,MNXM23,LCTONWCANYUPML-UHFFFAOYSA-M,107735
tdeACP_c,MNXM162426,,
urate_c,MNXM441,LEHOTFFKMJEONL-UHFFFAOYSA-N,1175
tdec2eACP_c,MNXM28221,,
q8_c,MNXM232,ICFIZJQGJAJRSU-SGHXUWJISA-N,5283546
urdglyc_c,MNXM490,NWZYYCVIOKVTII-SFOWXEAESA-M,23615273
q8h2_c,MNXM191,LOJUQFSPYHMHEO-SGHXUWJISA-N,25074411
tdecoa_c,MNXM2290,JPIHVKICKVPFFY-QSGBVPJFSA-J,146037207
urea_c,MNXM117,XSQUKJJJFZCRTK-UHFFFAOYSA-N,1176
thdp_c,MNXM480,CXMBCXQHOXUCEO-BYPYZUCNSA-L,5460405
quin_c,MNXM474,AAWZDTNXLSGCEK-WYWMIBKRSA-M,1560034
uri_c,MNXM288,DRTQHJPVMGBUCF-XVFCMESISA-N,6029
quln_c,MNXM555,GJAWHXHKYYXBSV-UHFFFAOYSA-L,5460301
r15bp_c,MNXM881,AAAFZMYJJHWUPN-TXICZTDVSA-J,70678980
thex2eACP_c,MNXM24502,,
utp_c,MNXM121,PGAVKCOVUIYSFO-XVFCMESISA-J,7058168
thf_c,MNXM79,MSTNYGQPCMXVAQ-RYUDHWBXSA-L,135398649
r1p_c,MNXM295,YXJDFQJKERBOBM-TXICZTDVSA-L,23615443
val__L_c,MNXM199,KZSNJWFQEVHDMF-BYPYZUCNSA-N,6971018
r5p_c,MNXM15900,KTVPXOYAKDPRHY-AIHAYLRMSA-L,7098640
thm_c,MNXM161565,MYVIATVLJGTBFV-UHFFFAOYSA-M,6042
valtrna_c,MNXM90110,,
thmmp_c,MNXM662,HZSAJDVWZRBGIF-UHFFFAOYSA-M,15942892
ragund_c,MNXM80754,ORYXFVQODWYDMG-JXWMOMLFSA-L,46173416
rbflvrd_c,MNXM1246,SGSVWAYHEWEQET-SCRDCRAPSA-N,14080393
thmnp_c,MNXM22017,XHIXPVCTDRNTTC-YQVKZWHSSA-N,135874854
thmpp_c,MNXM256,AYEKOFBPNLCAJY-UHFFFAOYSA-L,15938963
rbl__L_c,MNXM685,ZAQJHHRNXZUBTE-UCORVYFPSA-N,644111
wco_c,MNXM148528,,
rdmbzi_c,MNXM1539,HLRUKOJSWOKCPP-SYQHCUMBSA-N,160433
thptdn_c,MNXM3185,IDAICLIJTRXNER-UHFFFAOYSA-N,156
xan_c,MNXM174,LRFVTYWOQMYALW-UHFFFAOYSA-N,1188
thr__L_c,MNXM142,AYFVYJQAPQTCCC-GBXIJSLDSA-N,6971019
rephaccoa_c,MNXM148501,ZTMHVINYLDVBNO-FOGVYBFTSA-J,46926193
xdp_c,MNXM4133,YMOPVQQBWLGDOD-UUOKFMHZSA-K,25203240
rhcys_c,MNXM1777,IQFWYNFDWRYSRA-BLELIYKESA-N,3269458
rib__D_c,MNXM242,HMFHBZSHGGEWLO-SOOFDHNKSA-N,5779
thrtrna_c,MNXM89895,,
xmp_c,MNXM298,DCTLYFZHFGENCW-UUOKFMHZSA-L,23421208
xtp_c,MNXM1860,CAEFEWVYEZABLA-UUOKFMHZSA-J,25245622
ribflv_c,MNXM270,AUNGANRZJHBGPY-SCRDCRAPSA-M,45480541
xtsn_c,MNXM687,UBORTCNDUKBEOP-UUOKFMHZSA-N,64959
rml_c,MNXM1750,QZNPNKJXABGCRC-FUTKDDECSA-N,14461866
thym_c,MNXM386,RWQNBRDOKXIBIV-UHFFFAOYSA-N,1135
xu5p__D_c,MNXM186,FNZLKVNUWIIPSJ-RFZPGFLSSA-L,5459820
thymd_c,MNXM420,IQFYYKKMVGJFEH-XLPZGREQSA-N,5789
rml1p_c,MNXM1675,KNYGWWDTPGSEPD-OTWZMJIISA-L,5459945
xu5p__L_c,MNXM1238,FNZLKVNUWIIPSJ-WHFBIAKZSA-L,23615403
rmn_c,MNXM2967,PNNNRSAQSRJVSB-BXKVDMCESA-N,19233
tma_c,MNXM352,GETQZCLCWQTVFV-UHFFFAOYSA-O,3782034
xyl__D_c,MNXM348,SRBFZHDQGSBBOR-IOVATXLUSA-N,135191
tmao_c,MNXM437,UYPYRKYUKCHHIB-UHFFFAOYSA-N,1145
ru5p__D_c,MNXM145,FNZLKVNUWIIPSJ-UHNVWZDZSA-L,21144996
xylu__D_c,MNXM597,ZAQJHHRNXZUBTE-WUJLRWPWSA-N,5289590
ru5p__L_c,MNXM901,FNZLKVNUWIIPSJ-CRCLSJGQSA-L,21145006
s17bp_c,MNXM1294,OKHXOUGRECCASI-SHUUEZRQSA-J,46878435
tmrs2eACP_c,MNXM24297,,
toct2eACP_c,MNXM23766,,
xylu__L_c,MNXM1282,ZAQJHHRNXZUBTE-WVZVXSGGSA-N,22253
toctd2eACP_c,MNXM2573,,
s7p_c,MNXM271,JDTUMPKOJBQPKX-GBNDHIKLSA-L,46878379
zn2_c,MNXM149,PTFCDOFLOPIGGS-UHFFFAOYSA-N,32051
sarcs_c,MNXM300,FSYKKLYZXJSNPZ-UHFFFAOYSA-N,7311726
tpalm2eACP_c,MNXM29072,,
12ppd__R_e,MNXM90191,DNIAPMSPPWPWGF-GSVOUGTGSA-N,259994
trdox_c,MNXM148,,
sbt6p_c,MNXM393,GACTWZZMVMUKNG-SLPGGIOYSA-L,21123134
sbzcoa_c,MNXM1132,AVOVYFCDODUXLY-HSJNEKGZSA-I,45266592
12ppd__S_e,MNXM1255,DNIAPMSPPWPWGF-VKHMYHEASA-N,439846
scl_c,MNXM863,KWIZRXMMFRBUML-AHGFGAHVSA-F,
trdrd_c,MNXM96993,,
14glucan_e,MNXM2905,OCIBBXPLUVYKCH-UHFFFAOYSA-N,4071695
tre_c,MNXM198,HDTRYLNUVZCQOY-LIZSDCNHSA-N,7427
sectrna_c,MNXM91632,,
15dap_e,MNXM943,VHRGRCVQAFMJIZ-UHFFFAOYSA-P,3718401
sel_c,MNXM2282,QYHFIVBSNOWOCQ-UHFFFAOYSA-L,26473
tre6p_c,MNXM448,LABSPYBHMPDTEL-LIZSDCNHSA-L,25246105
23camp_e,MNXM2598,KMYWVDDIPVNLME-KQYNXXCUSA-M,6992262
trnaala_c,MNXM89576,,
seln_c,MNXM92652,SPVXKVOXSXTJOY-UHFFFAOYSA-M,5232483
23ccmp_e,MNXM3148,NMPZCCZXCOMSDQ-XVFCMESISA-M,23421172
selnp_c,MNXM1339,JRPHGDYSKGJTKZ-UHFFFAOYSA-K,16019955
trnaarg_c,MNXM90751,,
23cgmp_e,MNXM3149,UASRYODFRYWBRC-UUOKFMHZSA-M,135755291
trnaasn_c,MNXM90665,,
ser__D_c,MNXM694,MTCFGRXMJLQNBG-UWTATZPHSA-N,6857549
23cump_e,MNXM3150,HWDMHJDYMFRXOX-XVFCMESISA-M,23421171
ser__L_c,MNXM53,MTCFGRXMJLQNBG-REOHCLBHSA-N,6857581
trnaasp_c,MNXM90752,,
trnacys_c,MNXM162355,,
23dappa_e,MNXM91374,PECYZEOJVXMISF-REOHCLBHSA-N,46906042
seramp_c,MNXM114390,UVSYURUCZPPUQD-MACXSXHHSA-M,25244014
26dap__M_e,MNXM529,GMKMEZVLHJARHF-SYDPRGILSA-N,1549101
sertrna_c,MNXM90842,,
sertrna_sec_c,MNXM90476,,
trnagln_c,MNXM71,,
trnaglu_c,MNXM90886,,
2ddglcn_e,MNXM440,WPAMZTWLKIDIOP-WVZVXSGGSA-M,44229111
trnagly_c,MNXM90340,,
sheme_c,MNXM82173,DLKSSIHHLYNIKN-QIISWYHFSA-D,139031494
34dhpac_e,MNXM1401,IADQVXRMSNIUEL-UHFFFAOYSA-N,119219
skm_c,MNXM602,JXOHGGNKMLTUBP-HSUXUTPPSA-M,7057976
trnahis_c,MNXM90878,,
3amp_e,MNXM1985,LNQVTSROQXJCDD-KQYNXXCUSA-L,15938966
trnaile_c,MNXM90879,,
skm5p_c,MNXM1265,QYOJSKGCWNAKGW-PBXRRBTRSA-K,14506806
sl26da_c,MNXM1488,GLXUWZBUPATPBR-BQBZGAKWSA-L,11948934
3cmp_e,MNXM2182,UOOOPKANIPLQPU-XVFCMESISA-L,7098661
sl2a6o_c,MNXM1563,SDVXSCSNVVZWDD-LURJTMIESA-K,6419713
trnaleu_c,MNXM90880,,
3gmp_e,MNXM2183,ZDPUTNZENXVHJC-UUOKFMHZSA-L,135823809
trnalys_c,MNXM90881,,
slnt_c,MNXM1157,MCAHWIHFGHIESP-UHFFFAOYSA-L,1090
trnamet_c,MNXM90882,,
3hcinnm_e,MNXM1799,KKSDGJDHHZEWEP-SNAWJCMRSA-M,54694258
trnaphe_c,MNXM90753,,
so2_c,MNXM4835,RAHZWNYVWXNFOC-UHFFFAOYSA-N,1119
so3_c,MNXM105630,LSNNMFCWUKXFEE-UHFFFAOYSA-L,1099
3hpp_e,MNXM872,ALRHLSYJTWAHJZ-UHFFFAOYSA-M,5459847
so4_c,MNXM58,QAOWNCQODCNURD-UHFFFAOYSA-L,1117
trnapro_c,MNXM90667,,
3hpppn_e,MNXM1634,QVWAEZJXDYOKEH-UHFFFAOYSA-M,6931501
trnasecys_c,MNXM93990,,
spmd_c,MNXM124,ATHGHQPFGPMSJY-UHFFFAOYSA-Q,6992097
3ump_e,MNXM2184,FOGRQMPFHUHIGU-XVFCMESISA-L,23421206
stcoa_c,MNXM272,SIARJEKBADXQJG-LFZQUHGESA-J,45266614
suc6p_c,MNXM1004,PJTTXANTBQDXME-UGDNZRGBSA-L,25245080
trnaser_c,MNXM91028,,
trnathr_c,MNXM90883,,
4abut_e,MNXM192,BTCSSZJGUNDROE-UHFFFAOYSA-N,6992099
trnatrp_c,MNXM90755,,
sucarg_c,MNXM1756,UMOXFSXIFQOWTD-LURJTMIESA-M,25245674
4hoxpacd_e,MNXM479,IPRPPFIAVHPVJH-UHFFFAOYSA-N,440113
sucbz_c,MNXM1212,YIVWQNVQRXFZJB-UHFFFAOYSA-L,5459922
trnatyr_c,MNXM90668,,
5dglcn_e,MNXM963,IZSRJDGCGRAUAR-MROZADKFSA-M,24802254
trnaval_c,MNXM90885,,
trp__L_c,MNXM94,QIVBCDIJIAJPQS-VIFPVBQESA-N,6923516
trptrna_c,MNXM89804,,
succ_c,MNXM25,KDYFGRWQOYBRFD-UHFFFAOYSA-L,160419
succoa_c,MNXM92,VNOYUJKHFWYWIR-ITIYDSSPSA-I,45266545
sucglu_c,MNXM1757,JCNBNOQGFSXOML-YFKPBYRVSA-K,25244383
5mtr_e,MNXM1592,ACWASDPGAVYCNI-JKUQZMGJSA-N,6419710
sucgsa_c,MNXM1763,XTOKIEIBKARFSZ-LURJTMIESA-L,25244043
suchms_c,MNXM820,GNISQJGXJIDKDJ-YFKPBYRVSA-M,46878420
tsul_c,MNXM323,DHCDFWKWKRSZHF-UHFFFAOYSA-M,439208
LalaDglu_e,MNXM3630,VYZAGTDAHUIRQA-CRCLSJGQSA-M,25203551
ttdca_c,MNXM162239,TUNFSRHWOTWDNC-UHFFFAOYSA-M,4075158
ttdcap_c,MNXM147613,,
sucorn_c,MNXM1152,VWXQFHJBQHTHMK-LURJTMIESA-M,25244550
LalaDgluMdap_e,MNXM90242,FMNCPUGORYYCEM-QCLAVDOMSA-N,25203562
sucsal_c,MNXM172,UIUJIQZEACWQSV-UHFFFAOYSA-M,9543238
ttdcea_c,MNXM641,,
LalaDgluMdapDala_e,MNXM59271,BAPAFFOXTCMVCC-UHFFFAOYSA-M,
ttdceap_c,MNXM147614,,
sufbcd_c,MNXM147307,,
sufbcd_2fe2s_c,MNXM147308,,
LalaLglu_e,MNXM4026,VYZAGTDAHUIRQA-WHFBIAKZSA-M,7006474
sufbcd_2fe2s2_c,MNXM148512,,
tungs_c,MNXM88308,PBYZMCDFOULPGH-UHFFFAOYSA-N,24465
tyr__L_c,MNXM76,OUYCCCASQSFEME-QMMMGPOBSA-N,6942100
ac_e,MNXM26,QTBSBXVTEAMEQO-UHFFFAOYSA-M,175
tyrtrna_c,MNXM89822,,
sufbcd_4fe4s_c,MNXM148511,,
sufse_c,MNXM147309,,
acac_e,MNXM154,WDJHALXBUFZDSR-UHFFFAOYSA-M,6971017
sufsesh_c,MNXM147310,,
u23ga_c,MNXM1199,KOJCFMYSTWNMQW-RUAJDYCTSA-L,25246209
acald_e,MNXM75,IKHGUXGNUITLKF-UHFFFAOYSA-N,177
u3aga_c,MNXM2157,TZSJGZGYQDNRRX-MPLCHSTDSA-L,25244942
sulfac_c,MNXM1949,AGGIJOLULBJGTQ-UHFFFAOYSA-L,7233169
acgal_e,MNXM395,OVRNDRQMDRJTHS-KEWYIRBNSA-N,35717
t3c11vaceACP_c,MNXM5958,,
u3hga_c,MNXM2036,ZFPNNOXCEDQJQS-SSVOXRMNSA-M,25244806
acgal1p_e,MNXM2401,FZLJPEPAYPUMMR-JAJWTYFOSA-L,49859685
uLa4fn_c,MNXM88505,YYVYMEXYAGAGTM-MOVGJWTDSA-M,45479642
t3c5ddeceACP_c,MNXM5959,,
acgam_e,MNXM143,OVRNDRQMDRJTHS-RTRLPJTCSA-N,439174
t3c7mrseACP_c,MNXM5960,,
uLa4n_c,MNXM90891,BAFPKKRTAQMYMS-UHFFFAOYSA-N,73409672
acgam1p_e,MNXM91871,FZLJPEPAYPUMMR-RTRLPJTCSA-L,10979523
uaagmda_c,MNXM722781,OXJNZXDFVLDLEI-MBCYCBSHSA-J,86289097
t3c9palmeACP_c,MNXM5961,,
acmana_e,MNXM2403,MBLBDJOUHNCFQT-XAMCCFCMSA-N,22952041
tag6p__D_c,MNXM795,BGWGXPAPYGQALX-OEXCPVAWSA-L,25245410
uaccg_c,MNXM1688,BEGZZYPUNCJHKP-DBYWSUQTSA-K,25244881
acmum_e,MNXM2263,MNLRQHMNZILYPY-MKFCKLDKSA-M,16738680
uacgam_c,MNXM47,LFTYTUAZOPRMMI-CFRASDGPSA-L,16667373
uacmam_c,MNXM722740,LFTYTUAZOPRMMI-ZYQOOJPVSA-L,25245190
tagdp__D_c,MNXM1324,RNBGYGVWRKECFJ-OEXCPVAWSA-J,15043189
tagur_c,MNXM1423,IZSRJDGCGRAUAR-WDCZJNDASA-M,5460108
acnam_e,MNXM227,SQVRNKJHWKZAKO-LUWBGTNYSA-M,6857396
tartr__D_c,MNXM7948,FEWJPZIEWOKRBE-LWMBPPNESA-L,5460284
uacmamu_c,MNXM97052,DZOGQXKQLXAPND-XHUKORKBSA-K,25246192
acolipa_e,MNXM37330,IOAOXSQGQQYOQU-WSFSDJJVSA-E,
uagmda_c,MNXM2264,PNWZQTONLRRPST-KLDRQJOASA-J,52940090
tartr__L_c,MNXM816,FEWJPZIEWOKRBE-JCYAYHJZSA-L,119400
acser_e,MNXM418,VZXPDPZARILFQX-BYPYZUCNSA-N,6971051
uama_c,MNXM1953,NTMMCWJNQNKACG-KBKUWGQMSA-K,25245974
ade_e,MNXM168,GFFGJBXGBJISGV-UHFFFAOYSA-N,190
adn_e,MNXM212,OIRDTQYFTABQOQ-KQYNXXCUSA-N,60961
adocbl_e,MNXM90703,ZIHHMGTYZOSFRC-QRVZQHAISA-N,
uamag_c,MNXM955,OJZCATPXPWFLHF-HPUCEMLMSA-J,25243858
ag_e,MNXM5928,FOIXSVOLVBLSDH-UHFFFAOYSA-N,104755
uamr_c,MNXM722733,NQBRVZNDBBMBLJ-MQTLHLSBSA-K,24772978
agm_e,MNXM328,QYPPJABKJHAVHS-UHFFFAOYSA-P,5257176
udcpdp_c,MNXM5043,NTXGVHCCXVHYCL-RDQGWRCRSA-K,25244309
akg_e,MNXM20,KPGXRSRHYNQIFN-UHFFFAOYSA-L,164533
udcpp_c,MNXM251,UFPHFKCTOZIAFY-RDQGWRCRSA-L,25245653
ala_B_e,MNXM144,UCMIRNVEIXFBKS-UHFFFAOYSA-N,4755801
udp_c,MNXM17,XCCTYIAWTASOJW-XVFCMESISA-K,20056717
ala__D_e,MNXM156,QNAYBMKLOCPYGJ-UWTATZPHSA-N,7311725
udpLa4fn_c,MNXM1390,QGYFHZBDXXNYAX-RTXATJJPSA-L,25201367
chtbs_e,MNXM722863,,
ala__L_e,MNXM32,QNAYBMKLOCPYGJ-REOHCLBHSA-N,7311724
udpLa4n_c,MNXM1786,GWBAKYBSWHQNMQ-IAZOVDBXSA-M,25201108
alaala_e,MNXM669,DEFJQIDDEAULHB-QWWZWVQMSA-N,6992112
udpLa4o_c,MNXM1505,URJZIQLTPCJVMW-QNSCKLTRSA-L,45266733
cit_e,MNXM131,KRKNYBCHXYNGOX-UHFFFAOYSA-K,31348
all__D_e,MNXM1919,WQZGKKKJIJFFOK-IVMDWMLBSA-N,439507
cl_e,MNXM43,VEXZGXHMUGYJMC-UHFFFAOYSA-M,312
udpg_c,MNXM722710,HSCJRCZFDFQWRP-RDKQLNKOSA-L,44229134
alltn_e,MNXM612,POJWUDADGALRAB-UHFFFAOYSA-N,204
udpgal_c,MNXM89795,HSCJRCZFDFQWRP-ABVWGUQPSA-L,9549262
cm_e,MNXM4519,WIIZWVCIJKGZOK-RKDXNWHRSA-N,5959
amp_e,MNXM14,UDMBCSSLTHHNCD-KQYNXXCUSA-L,15938965
cmp_e,MNXM31,IERHLVCPSMICTF-XVFCMESISA-L,7058165
udpgalfur_c,MNXM2158,ZQLQOXLUCGXKHS-SIAUPFDVSA-L,25244316
anhgm_e,MNXM3060,VWOAYOXNDDJRIH-UHFFFAOYSA-M,
udpglcur_c,MNXM87,HDYANYHVCAPMJV-LXQIFKJMSA-K,25202620
co2_e,MNXM13,CURLTUGMZLYLDI-UHFFFAOYSA-N,280
arab__L_e,MNXM91126,PYMYPHUHKUWMLA-VAYJURFESA-N,5460291
cobalt2_e,MNXM90960,XLJKHNWPARRRJB-UHFFFAOYSA-N,104729
colipa_e,MNXM47647,SFVRSCGTAWOHDB-JMYCZVSXSA-C,46173498
ugmd_c,MNXM162592,QUHLBZKCGUXHGP-AJVQVANPSA-J,86289089
ugmda_c,MNXM1954,IMWOXEZVYQDRDF-MCZXNMLPSA-J,25244658
um4p_c,MNXM147329,QKWIMSUVANLDFA-UHFFFAOYSA-J,
colipap_e,MNXM147454,,
arbt_e,MNXM2683,BJRNKVDFDLYUGJ-RMPHRYRLSA-N,440936
cpgn_e,MNXM114191,FQIVLXIUJLOKPL-DWZMLRRXSA-N,76957149
cpgn_un_e,MNXM2999,UOAJJXLNFIOBGG-WGRRYVMGSA-N,122404798
ump_c,MNXM80,DJJCXFVJDGTHFX-XVFCMESISA-L,1778309
arbtn_e,MNXM96506,VKZKTOZRSOFPMT-UHFFFAOYSA-K,
unaga_c,MNXM1333,NEVJGTXBHJNFAZ-JXCMATCVSA-L,52921677
unagamu_c,MNXM2504,IGGGNUSEBUZFTR-YETNCWQZSA-K,44229184
crn_e,MNXM173,PHIQHXFUZVPYII-ZCFIWIBFSA-N,10917
arbtn_fe3_e,MNXM1464,KDHHWXGBNUCREU-HOTGVXAUSA-K,25244827
crn__D_e,MNXM246,PHIQHXFUZVPYII-LURJTMIESA-N,2724480
unagamuf_c,MNXM6160,PSONHUYFSWYIME-RZVIFHIQSA-K,
arg__L_e,MNXM70,ODKSFYDXXFIFQN-BYPYZUCNSA-O,1549073
ascb__L_e,MNXM129,CIWBSHSKHKDKBQ-JLAZNSOCSA-M,54679076
uppg3_c,MNXM414,HUHWZXWWOFSFKF-UHFFFAOYSA-F,25202645
csn_e,MNXM761,OPTASPLRGRRNAP-UHFFFAOYSA-N,597
cu_e,MNXM3568,VMQMZMRVKUZKQL-UHFFFAOYSA-N,104815
asn__L_e,MNXM147,DCXYFEDJOCDNAF-REOHCLBHSA-N,6992089
aso3_e,MNXM658,AQLMHYSWFMLWBS-UHFFFAOYSA-N,6857431
cu2_e,MNXM632,JPVYNHNXODAKFH-UHFFFAOYSA-N,27099
asp__L_e,MNXM42,CKLJMWTZIZZHCS-REOHCLBHSA-M,5460294
cyan_e,MNXM254,LELOWRISYMNNSU-UHFFFAOYSA-N,768
btn_e,MNXM304,YBJHBAHKTGYVGT-ZKWXMUAHSA-M,6560210
cynt_e,MNXM1191,XLJMAIOERFSOGZ-UHFFFAOYSA-M,105034
but_e,MNXM162281,FERIUCNNQQJTOY-UHFFFAOYSA-M,104775
cys__D_e,MNXM2112,XUJNEKJLAYXESH-UWTATZPHSA-N,6419721
glyb_e,MNXM289,KWIUHFFTVRNATP-UHFFFAOYSA-N,247
butso3_e,MNXM7138,QDHFHIQKOVNCNC-UHFFFAOYSA-M,3704751
glyc_e,MNXM89612,PEDCQBHIVMGVHV-UHFFFAOYSA-N,753
cys__L_e,MNXM55,XUJNEKJLAYXESH-REOHCLBHSA-N,6419722
cytd_e,MNXM338,UHDGCWIWMRVCDJ-XVFCMESISA-N,6175
glyc__R_e,MNXM189,RBNPOMFGQQGHHO-UWTATZPHSA-M,5460358
ca2_e,MNXM128,BHPQYMZQTOCNFJ-UHFFFAOYSA-N,271
glyc2p_e,MNXM2527,DHCLVCXQIBBOPH-UHFFFAOYSA-L,3611397
dad_2_e,MNXM625,OLXZPDWKRNYJJZ-RRKCRQDMSA-N,13730
cbi_e,MNXM1549,XQRJFEVDQXEIAX-JFYQDRLCSA-M,
damp_e,MNXM432,KHWCHTKSEGGWEX-RRKCRQDMSA-L,22848660
glyc3p_e,MNXM66,AWUCVROLDVIAJX-GSVOUGTGSA-L,7048686
cbl1_e,MNXM91519,OMAOKVYASDIYQG-DSRCUDDDSA-L,
glyclt_e,MNXM222,AEMRFAOFKBGASW-UHFFFAOYSA-M,5460308
dca_e,MNXM162295,GHVNFZFCNZKVNT-UHFFFAOYSA-M,4678093
cd2_e,MNXM4505,WLZRMCYVCSSEQC-UHFFFAOYSA-N,31193
dcmp_e,MNXM266,NCMVOABPESMRCP-SHYZEUOFSA-L,7058169
gmp_e,MNXM113,RQFCJASXJCIDSX-UUOKFMHZSA-L,135398630
cgly_e,MNXM683,ZUKPVRWZDMRIEO-VKHMYHEASA-N,7098621
gsn_e,MNXM401,NYHBQMYGNKIUIF-UUOKFMHZSA-N,135398635
dcyt_e,MNXM704,CKTSBUTUHBMZGZ-SHYZEUOFSA-N,13711
chol_e,MNXM90,OEYIOHPDSNJKLS-UHFFFAOYSA-N,305
ddca_e,MNXM162258,POULHZVOKOAJMA-UHFFFAOYSA-M,4149208
gthox_e,MNXM151,YPZRWBKMTBYPTK-BJDJZHNGSA-L,40467895
ppa_e,MNXM162260,XBDQKXXYIPTUBI-UHFFFAOYSA-M,104745
gthrd_e,MNXM57,RWSXRVCMGQZWBV-WDSKDSINSA-M,7048684
gtp_e,MNXM51,XKMLYUALXHKNFT-UUOKFMHZSA-J,135398632
gua_e,MNXM259,UYTPUPDQBNUYGX-UHFFFAOYSA-N,135398634
dgmp_e,MNXM546,LTFMZDNNPPEQNG-KVQBGUIXSA-L,135398596
dgsn_e,MNXM647,YKBGVTZYEHREMT-KVQBGUIXSA-N,135398592
dha_e,MNXM460,RXKJFZQQPQGTFL-UHFFFAOYSA-N,670
dimp_e,MNXM1922,PHNGFPPXDJJADG-RRKCRQDMSA-L,135398613
ppal_e,MNXM821,NBBJYMSMWIIQGU-UHFFFAOYSA-N,527
din_e,MNXM935,VGONTNSXDCQUGY-RRKCRQDMSA-N,135398593
h_e,MNXM1,GPRLSGONYQIRFK-UHFFFAOYSA-N,1038
pppn_e,MNXM1403,XMIIGOLPHOKFCH-UHFFFAOYSA-M,4740700
h2_e,MNXM195,UFHFLCQGNIYNRP-UHFFFAOYSA-N,783
dms_e,MNXM444,QMMFVYPAHWMCMS-UHFFFAOYSA-N,1068
ppt_e,MNXM1683,ABLZXFCXXLZCGV-UHFFFAOYSA-L,406
dmso_e,MNXM745,IAZDPXIOMUYVGZ-UHFFFAOYSA-N,679
h2o_e,MNXM2,XLYOFNOQVPJJNP-UHFFFAOYSA-N,962
h2o2_e,MNXM22,MHAJPDPJQMAIIY-UHFFFAOYSA-N,784
pro__L_e,MNXM114,ONIBWKKTOPOVIA-BYPYZUCNSA-N,6971047
h2s_e,MNXM89582,RWSOTUBLDIXVET-UHFFFAOYSA-M,5047209
dopa_e,MNXM205,VYFYYTLLBUKUHU-UHFFFAOYSA-O,3713609
progly_e,MNXM7481,RNKSNIBMTUYWSH-YFKPBYRVSA-N,7408076
doxrbcn_e,MNXM37015,AOJJSUZBOXZQNB-TZSSRYMLSA-O,40469134
dtmp_e,MNXM257,GYOZYWVXFNDGLU-XLPZGREQSA-L,16755631
hacolipa_e,MNXM11799,VQLWGPMXDVGIPI-NACBSPIASA-C,134820187
psclys_e,MNXM6409,BFSYFTQDGRDJNV-CDEVMZEPSA-O,49859644
halipa_e,MNXM93466,FKGIQBXWASHJRH-JYIPIDLLSA-J,
dump_e,MNXM234,JSRLJPSBLDHEIO-SHYZEUOFSA-L,18601100
pser__L_e,MNXM379,BZQFBWGGLXLEPQ-REOHCLBHSA-L,7059387
duri_e,MNXM492,MXHRCPNRJAMMIM-SHYZEUOFSA-N,13712
hdca_e,MNXM108,IPCSVZSSVZVIGE-UHFFFAOYSA-M,504166
eca4colipa_e,MNXM91786,DZEXDGYTOKBZIY-GVBMLQGBSA-C,
ptrc_e,MNXM118,KIDHWZJUCRJVML-UHFFFAOYSA-P,3452892
hdcea_e,MNXM950,SECPZKHBENQXJG-UHFFFAOYSA-M,25201283
pydam_e,MNXM548,NHZMQXZHNVQTQA-UHFFFAOYSA-O,25245492
hg2_e,MNXM1562,BQPIGGFYSBELGY-UHFFFAOYSA-N,26623
enlipa_e,MNXM7670,GSHAAWZSAOJXLM-RQBQWGHISA-H,46173153
enter_e,MNXM883,SERBHKJMVBATSJ-BZSNNMDCSA-M,86289367
pydx_e,MNXM311,RADKZDMFGJYCBB-UHFFFAOYSA-N,1050
etha_e,MNXM218,HZAXFHJVJLSVMW-UHFFFAOYSA-O,444693
his__L_e,MNXM134,HNDVDQJCIGZPNO-YFKPBYRVSA-N,6971009
pydxn_e,MNXM419,LXNHXLLTXMVWPM-UHFFFAOYSA-N,1054
hom__L_e,MNXM353,UKAUYVFTDYCKQA-VKHMYHEASA-N,6971022
ethso3_e,MNXM7343,CCIVGXIOQKPBKL-UHFFFAOYSA-M,3717105
pyr_e,MNXM23,LCTONWCANYUPML-UHFFFAOYSA-M,107735
etoh_e,MNXM303,LFQSCWFLJHTTHZ-UHFFFAOYSA-N,702
hxa_e,MNXM1653,FUZZWVXGSFPDMH-UHFFFAOYSA-M,4398339
quin_e,MNXM474,AAWZDTNXLSGCEK-WYWMIBKRSA-M,1560034
hxan_e,MNXM213,FDGQSTZJBFJUBT-UHFFFAOYSA-N,135398638
f6p_e,MNXM89621,BGWGXPAPYGQALX-ARQDHWQXSA-L,21604863
r5p_e,MNXM15900,KTVPXOYAKDPRHY-AIHAYLRMSA-L,7098640
fald_e,MNXM56,WSFSSNUMVMOOMR-UHFFFAOYSA-N,712
idon__L_e,MNXM1565,RGHNJXZEOKUKBD-SKNVOMKLSA-M,5459956
rfamp_e,MNXM80952,JQXXHWHPUNPDRT-WLSIYKJHSA-N,135550179
ile__L_e,MNXM231,AGPKZVBTJJNPAG-WHFBIAKZSA-N,7043901
fe2_e,MNXM111,CWYNVVGOOAEACU-UHFFFAOYSA-N,27284
rib__D_e,MNXM242,HMFHBZSHGGEWLO-SOOFDHNKSA-N,5779
fe3_e,MNXM196,VTLYFUHAOXGGBS-UHFFFAOYSA-N,29936
fe3dcit_e,MNXM146388,VAVAILGEOMLRRK-UHFFFAOYSA-H,21872884
imp_e,MNXM125,GRSZFWQUAKGDAV-KQYNXXCUSA-L,135398639
rmn_e,MNXM2967,PNNNRSAQSRJVSB-BXKVDMCESA-N,19233
indole_e,MNXM377,SIKJAQJRHWYJAI-UHFFFAOYSA-N,798
fe3dhbzs_e,MNXM5748,IHUQSEJNRLOEKL-UHFFFAOYSA-N,
fe3hox_e,MNXM57764,TZTOIBKTIUBWAR-UHFFFAOYSA-N,
inost_e,MNXM127,CDAISMWEOUEBRE-GPIVLXJGSA-N,892
sbt__D_e,MNXM469,FBPFZTCFMRRESA-JGWLITMVSA-N,5780
ins_e,MNXM334,UGQMRVRMYYASKQ-KQYNXXCUSA-N,135398641
isetac_e,MNXM1630,SUMDYPCJJOFFON-UHFFFAOYSA-M,3955599
fe3hox_un_e,MNXM90823,,
fecrm_e,MNXM2825,GGUNGDGGXMHBMJ-OCIDDWSYSA-N,121489511
sel_e,MNXM2282,QYHFIVBSNOWOCQ-UHFFFAOYSA-L,26473
fecrm_un_e,MNXM53290,ZZDYFKJSJLUQON-UFYCRDLUSA-N,90658043
k_e,MNXM95,NPYPAHLBTDXSSS-UHFFFAOYSA-N,813
ser__D_e,MNXM694,MTCFGRXMJLQNBG-UWTATZPHSA-N,6857549
kdo2lipid4_e,MNXM824,XAOLJGCZESYRFT-VHSKNIDJSA-H,25246224
feenter_e,MNXM7354,NGILTSZTOFYVBF-UVJOBNTFSA-H,16048613
ser__L_e,MNXM53,MTCFGRXMJLQNBG-REOHCLBHSA-N,6857581
feoxam_e,MNXM162837,SRMBQCVUAVULDJ-UHFFFAOYSA-O,123851
lac__D_e,MNXM285,JVTAAEKCZFNVCJ-UWTATZPHSA-M,5460179
feoxam_un_e,MNXM90827,,
skm_e,MNXM602,JXOHGGNKMLTUBP-HSUXUTPPSA-M,7057976
for_e,MNXM39,BDAGIHXWWSANSR-UHFFFAOYSA-M,283
lac__L_e,MNXM179,JVTAAEKCZFNVCJ-REOHCLBHSA-M,5460161
slnt_e,MNXM1157,MCAHWIHFGHIESP-UHFFFAOYSA-L,1090
lcts_e,MNXM362,GUBGYTABKSRVRQ-QKKXKWKRSA-N,440995
fru_e,MNXM175,RFSUNEUAIZKAJO-VRPWFDPXSA-N,439163
so2_e,MNXM4835,RAHZWNYVWXNFOC-UHFFFAOYSA-N,1119
frulys_e,MNXM1742,BFSYFTQDGRDJNV-AYHFEMFVSA-O,49859675
leu__L_e,MNXM140,ROHFNLRQFUQHCH-YFKPBYRVSA-N,7045798
so3_e,MNXM105630,LSNNMFCWUKXFEE-UHFFFAOYSA-L,1099
lipa_e,MNXM946,DIXUKJUHGLIZGU-OIPVZEHTSA-H,25244473
fruur_e,MNXM1660,PTCIWUZVDIQTOW-XDJBDKDSSA-M,25245784
so4_e,MNXM58,QAOWNCQODCNURD-UHFFFAOYSA-L,1117
fuc__L_e,MNXM40586,PNNNRSAQSRJVSB-KCDKBNATSA-N,3034656
fum_e,MNXM93,VZCYOOQTPOCHFL-OWOJBTEDSA-L,5460307
lipa_cold_e,MNXM6016,YMYMIWUIGJUAIZ-LSPGFKFTSA-H,25246139
spmd_e,MNXM124,ATHGHQPFGPMSJY-UHFFFAOYSA-Q,6992097
lipoate_e,MNXM1484,AGBQKNBQESQNJD-SSDOTTSWSA-M,1549144
fusa_e,MNXM125818,IECPWNUMDGFDKC-MZJAQBGESA-M,44123551
succ_e,MNXM25,KDYFGRWQOYBRFD-UHFFFAOYSA-L,160419
g1p_e,MNXM89588,HXXFSFRBOHSIMQ-GASJEMHNSA-L,23421198
lys__L_e,MNXM78,KDXKERNSBIXSRK-YFKPBYRVSA-O,5460926
sucr_e,MNXM167,CZMRCDWAGMRECN-UGDNZRGBSA-N,5988
lyx__L_e,MNXM4641,SRBFZHDQGSBBOR-AEQNFAKKSA-N,439508
g3pc_e,MNXM367,SUHOQUVVVLNYQR-MRVPVSSYSA-N,657272
sulfac_e,MNXM1949,AGGIJOLULBJGTQ-UHFFFAOYSA-L,7233169
g3pe_e,MNXM368,JZNWSCPGTDBMEW-YFKPBYRVSA-N,5459861
mal__D_e,MNXM1608,BJEPYKJPYRNKOW-UWTATZPHSA-L,5459794
tartr__D_e,MNXM7948,FEWJPZIEWOKRBE-LWMBPPNESA-L,5460284
mal__L_e,MNXM98,BJEPYKJPYRNKOW-REOHCLBHSA-L,5459792
malt_e,MNXM165,GUBGYTABKSRVRQ-PICCSMPSSA-N,439186
g3pg_e,MNXM598,LLCSXHMJULHSJN-UHFFFAOYSA-M,25202983
tartr__L_e,MNXM816,FEWJPZIEWOKRBE-JCYAYHJZSA-L,119400
g3pi_e,MNXM1517,BMVUIWJCUQSHLZ-UJGXJMNGSA-M,45480544
g3ps_e,MNXM97117,ZWZWYGMENQVNFU-UHNVWZDZSA-M,57339260
malthx_e,MNXM1317,OCIBBXPLUVYKCH-QXVNYKTNSA-N,5288409
taur_e,MNXM282,XOAAWQZATWQOTB-UHFFFAOYSA-N,4068592
maltpt_e,MNXM1538,FTNIPWXXIGNQQF-DWTFCAFKSA-N,13489094
g6p_e,MNXM160,NBSCHQHZLSJFNQ-GASJEMHNSA-L,23421199
tcynt_e,MNXM762,ZMZDMBWJUHKJPS-UHFFFAOYSA-M,9322
gal_e,MNXM390,WQZGKKKJIJFFOK-PHYPRBDBSA-N,439357
thm_e,MNXM161565,MYVIATVLJGTBFV-UHFFFAOYSA-M,6042
gal_bD_e,MNXM112,WQZGKKKJIJFFOK-FPRJBGLDSA-N,439353
malttr_e,MNXM468,FYGDTMLNYKFZSV-PXXRMHSHSA-N,192826
maltttr_e,MNXM5663,LUEWUZLMQUOBSB-ZLBHSGTGSA-N,446495
thr__L_e,MNXM142,AYFVYJQAPQTCCC-GBXIJSLDSA-N,6971019
man_e,MNXM182,WQZGKKKJIJFFOK-QTVWNMPRSA-N,18950
gal1p_e,MNXM336,HXXFSFRBOHSIMQ-FPRJBGLDSA-L,7098639
thrp_e,MNXM1492,USRGIUJOYOXOQJ-GBXIJSLDSA-L,36688171
galct__D_e,MNXM1080,DSLZVSRJTYRBFB-DUHBMQHGSA-L,5459845
man6p_e,MNXM427,NBSCHQHZLSJFNQ-QTVWNMPRSA-L,23421200
thym_e,MNXM386,RWQNBRDOKXIBIV-UHFFFAOYSA-N,1135
manglyc_e,MNXM1624,DDXCFDOPXBPUJC-SAYMMRJXSA-M,46878394
galctn__D_e,MNXM1734,RGHNJXZEOKUKBD-MGCNEYSASA-M,5461127
thymd_e,MNXM420,IQFYYKKMVGJFEH-XLPZGREQSA-N,5789
galctn__L_e,MNXM636,RGHNJXZEOKUKBD-RSJOWCBRSA-M,44229140
galt_e,MNXM1233,FBPFZTCFMRRESA-GUCUJZIJSA-N,11850
melib_e,MNXM8340,DLRVVLDZNNYCBX-ZZFZYMBESA-N,11458
tma_e,MNXM352,GETQZCLCWQTVFV-UHFFFAOYSA-O,3782034
meoh_e,MNXM157,OKKJLVBELUTLKV-UHFFFAOYSA-N,887
galur_e,MNXM48464,AEMOLEFTQBMNLQ-YMDCURPLSA-M,46173511
tmao_e,MNXM437,UYPYRKYUKCHHIB-UHFFFAOYSA-N,1145
gam_e,MNXM533,MSWZFWKMSRAUBD-IVMDWMLBSA-O,45266741
met__D_e,MNXM1275,FFEARJCKVFRZRR-SCSAIBSYSA-N,6992109
tre_e,MNXM198,HDTRYLNUVZCQOY-LIZSDCNHSA-N,7427
met__L_e,MNXM61,FFEARJCKVFRZRR-BYPYZUCNSA-N,6992087
gam6p_e,MNXM370,XHMJOUIAFHJHBW-IVMDWMLBSA-M,45266742
gbbtn_e,MNXM626,JHPNVNIEXXLNTR-UHFFFAOYSA-N,725
trp__L_e,MNXM94,QIVBCDIJIAJPQS-VIFPVBQESA-N,6923516
gdp_e,MNXM30,QGWNDRXFNXRZMB-UUOKFMHZSA-K,135398618
metsox_R__L_e,MNXM2245,QEFRNWWLZKMPFJ-ZXPFJRLXSA-N,11862103
tsul_e,MNXM323,DHCDFWKWKRSZHF-UHFFFAOYSA-M,439208
metsox_S__L_e,MNXM2246,QEFRNWWLZKMPFJ-YGVKFDHGSA-N,158980
glc__D_e,MNXM41,WQZGKKKJIJFFOK-GASJEMHNSA-N,5793
mg2_e,MNXM653,JLVVSXFLKOJNIY-UHFFFAOYSA-N,888
ttdca_e,MNXM162239,TUNFSRHWOTWDNC-UHFFFAOYSA-M,4075158
mincyc_e,MNXM128081,DYKFCLLONBREIL-KVUCHLLUSA-N,54675783
glcn_e,MNXM341,RGHNJXZEOKUKBD-SQOUGZDYSA-M,6419706
glcr_e,MNXM744,DSLZVSRJTYRBFB-LLEIAEIESA-L,5288393
ttdcea_e,MNXM641,,
glcur_e,MNXM241,AEMOLEFTQBMNLQ-AQKNRBDQSA-M,16740916
minohp_e,MNXM491,IMQLKJBTEOYOSI-GPIVLXJGSA-B,
ttrcyc_e,MNXM97613,OFVLGDICTFRJMM-WESIUVDSSA-N,54675776
mmet_e,MNXM1119,YDBYJHTYSHBBAU-YFKPBYRVSA-O,7098638
glcur1p_e,MNXM1165,AIQDYKMWENWVQJ-QIUUJYRFSA-K,25244365
tungs_e,MNXM88308,PBYZMCDFOULPGH-UHFFFAOYSA-N,24465
gln__L_e,MNXM37,ZDXPYRJPNDTMRX-VKHMYHEASA-N,6992086
mn2_e,MNXM2255,WAEMQWOKJMHJLA-UHFFFAOYSA-N,27854
tym_e,MNXM603,DZGWFCGJZKJUFP-UHFFFAOYSA-O,5249538
mnl_e,MNXM615,FBPFZTCFMRRESA-KVTDHHQDSA-N,6251
glu__L_e,MNXM89557,WHUUTDBJXJRKMK-VKHMYHEASA-M,5460299
tyr__L_e,MNXM76,OUYCCCASQSFEME-QMMMGPOBSA-N,6942100
gly_e,MNXM29,DHMQDGOQFOQNFH-UHFFFAOYSA-N,5257127
mobd_e,MNXM1026,MEFBJEMVZONFCJ-UHFFFAOYSA-N,24621
glyald_e,MNXM435,MNQZXJOMYWMBOU-VKHMYHEASA-N,79014
tyrp_e,MNXM3323,DCWXELXMIBXGTH-QMMMGPOBSA-L,25202084
mso3_e,MNXM1485,AFVFQIVMOAPDHO-UHFFFAOYSA-M,85257
uacgam_e,MNXM47,LFTYTUAZOPRMMI-CFRASDGPSA-L,16667373
n2o_e,MNXM579,GQPLMRYTRLFLPF-UHFFFAOYSA-N,948
udpacgal_e,MNXM162233,LFTYTUAZOPRMMI-LDDHHVEYSA-L,46926269
na1_e,MNXM27,FKNQFGJONOIPTF-UHFFFAOYSA-N,923
nac_e,MNXM274,PVNIIMVLHYAWGP-UHFFFAOYSA-M,937
nh4_e,MNXM15,QGZKDVFQNNGYKY-UHFFFAOYSA-O,223
1ddecg3p_p,MNXM4232,STTKJLVEXMKLNA-CQSZACIVSA-L,71296161
udpg_e,MNXM722710,HSCJRCZFDFQWRP-RDKQLNKOSA-L,44229134
1hdec9eg3p_p,MNXM91047,,
ni2_e,MNXM3673,VEQPNABPJHWNSG-UHFFFAOYSA-N,934
udpgal_e,MNXM89795,HSCJRCZFDFQWRP-ABVWGUQPSA-L,9549262
nmn_e,MNXM355,DAYLJWODMCOQEW-TURQNECASA-M,23617374
1hdecg3p_p,MNXM90586,YNDYKPRNFWPPFU-GOSISDBHSA-L,46173172
udpglcur_e,MNXM87,HDYANYHVCAPMJV-LXQIFKJMSA-K,25202620
1odec11eg3p_p,MNXM91049,LWSYATLSXCUNTB-AQKVLALTSA-L,129320279
no_e,MNXM228,MWUXSHHQAYIFBG-UHFFFAOYSA-N,145068
ump_e,MNXM80,DJJCXFVJDGTHFX-XVFCMESISA-L,1778309
no2_e,MNXM107,IOVCWXUNBOPUCH-UHFFFAOYSA-M,946
1odecg3p_p,MNXM32950,LAYXSTYJRSVXIH-HXUWFJFHSA-L,49859619
ura_e,MNXM158,ISAKRJDGNUQOIC-UHFFFAOYSA-N,1174
1tdec7eg3p_p,MNXM91053,ABWKYTQKHWCOFM-XITLMJRVSA-L,146036925
no3_e,MNXM207,NHNBFGGVMKEFGY-UHFFFAOYSA-N,943
urea_e,MNXM117,XSQUKJJJFZCRTK-UHFFFAOYSA-N,1176
novbcn_e,MNXM65002,YJQPYGGHQPGBLI-KGSXXDOSSA-M,15940185
1tdecg3p_p,MNXM3426,FAZBDRGXCKPVJU-MRXNPFEDSA-L,71296162
uri_e,MNXM288,DRTQHJPVMGBUCF-XVFCMESISA-N,6029
23camp_p,MNXM2598,KMYWVDDIPVNLME-KQYNXXCUSA-M,6992262
o16a4colipa_e,MNXM91789,KAVZMDKPFMCUGM-QWDGEOHMSA-C,
val__L_e,MNXM199,KZSNJWFQEVHDMF-BYPYZUCNSA-N,6971018
o2_e,MNXM4,MYMOFIZGZYHOMD-UHFFFAOYSA-N,977
23ccmp_p,MNXM3148,NMPZCCZXCOMSDQ-XVFCMESISA-M,23421172
23cgmp_p,MNXM3149,UASRYODFRYWBRC-UUOKFMHZSA-M,135755291
xan_e,MNXM174,LRFVTYWOQMYALW-UHFFFAOYSA-N,1188
23cump_p,MNXM3150,HWDMHJDYMFRXOX-XVFCMESISA-M,23421171
o2s_e,MNXM330,OUUQCZGPVNCOIJ-UHFFFAOYSA-M,5359597
xmp_e,MNXM298,DCTLYFZHFGENCW-UUOKFMHZSA-L,23421208
ocdca_e,MNXM236,QIQXTHQIDYTFRH-UHFFFAOYSA-M,3033836
23dappa_p,MNXM91374,PECYZEOJVXMISF-REOHCLBHSA-N,46906042
ocdcea_e,MNXM306,ZQPPMHVWECSIRJ-KTKRTIGZSA-M,5460221
xtsn_e,MNXM687,UBORTCNDUKBEOP-UUOKFMHZSA-N,64959
octa_e,MNXM750,WWZKQHOCKIZLMA-UHFFFAOYSA-M,119389
26dap__M_p,MNXM529,GMKMEZVLHJARHF-SYDPRGILSA-N,1549101
xyl__D_e,MNXM348,SRBFZHDQGSBBOR-IOVATXLUSA-N,135191
2agpe120_p,MNXM34808,NPAZKTOOMVQLIH-UHFFFAOYSA-N,90659368
2agpe140_p,MNXM34809,DDUZNLUWXLYPCP-UHFFFAOYSA-N,53480919
orn_e,MNXM89689,AHLPHDHHMVZTML-BYPYZUCNSA-O,6992088
xylu__L_e,MNXM1282,ZAQJHHRNXZUBTE-WVZVXSGGSA-N,22253
orot_e,MNXM235,PXQPEWDEAKTCGB-UHFFFAOYSA-M,1492348
2agpe141_p,MNXM3447,RBKXDGUVZHKXHJ-UHFFFAOYSA-N,
zn2_e,MNXM149,PTFCDOFLOPIGGS-UHFFFAOYSA-N,32051
2agpe160_p,MNXM34810,CKPBBEOJHAPPBT-HXUWFJFHSA-N,53480922
pacald_e,MNXM473,DTUQWGWMVIHBKE-UHFFFAOYSA-N,998
12dgr120_p,MNXM4939,OQQOAWVKVDAJOI-UHFFFAOYSA-N,33979
peamn_e,MNXM660,BHHGXPLMPWCGHP-UHFFFAOYSA-O,448751
2agpe161_p,MNXM3448,,
12dgr140_p,MNXM146479,JFBCSFJKETUREV-UHFFFAOYSA-N,89298
2agpe180_p,MNXM34811,KIHAGWUUUHJRMS-JOCHJYFZSA-N,90658453
phe__L_e,MNXM97,COLNVLDHVKWLRT-QMMMGPOBSA-N,6925665
2agpe181_p,MNXM3449,WAYKKNOEMJFLDI-UHFFFAOYSA-N,76043326
12dgr141_p,MNXM4940,BGFRYQUZVKRYLY-UHFFFAOYSA-N,
2agpg120_p,MNXM3450,,
pheme_e,MNXM249,KABFMIBPWCXCRK-RGGAHWMASA-J,25203933
pi_e,MNXM9,NBIIXXVUZAFLBC-UHFFFAOYSA-L,3681305
12dgr160_p,MNXM3132,JEJLGIQLPYYGEE-XIFFEERXSA-N,644078
pnto__R_e,MNXM364,GHOKWGTUZJEAQD-ZETCQYMHSA-M,167945
2agpg140_p,MNXM34739,NHYJQQUDLXESED-UHFFFAOYSA-M,90659368
12dgr161_p,MNXM3774,HSQHRRHRYJNSOC-UHFFFAOYSA-N,53894296
2agpg141_p,MNXM3452,JPZRBXGDTBKBHT-UHFFFAOYSA-M,
12dgr180_p,MNXM4217,UHUSDOQQWJGJQS-UHFFFAOYSA-N,102615
2agpg160_p,MNXM34740,ODJYINYQGFIIRK-UHFFFAOYSA-M,90659368
2agpg161_p,MNXM3453,,
12dgr181_p,MNXM3775,JQTCHIYVEDEVBR-UHFFFAOYSA-N,76040548
12ppd__R_p,MNXM90191,DNIAPMSPPWPWGF-GSVOUGTGSA-N,259994
2agpg180_p,MNXM150642,ZYKIFISVQNGKFE-UHFFFAOYSA-M,
cbi_p,MNXM1549,XQRJFEVDQXEIAX-JFYQDRLCSA-M,
12ppd__S_p,MNXM1255,DNIAPMSPPWPWGF-VKHMYHEASA-N,439846
cbl1_p,MNXM91519,OMAOKVYASDIYQG-DSRCUDDDSA-L,
2agpg181_p,MNXM3455,OUQWQZICCOQXOG-UHFFFAOYSA-M,
2ddecg3p_p,MNXM5461,,
14glucan_p,MNXM2905,OCIBBXPLUVYKCH-UHFFFAOYSA-N,4071695
2ddglcn_p,MNXM440,WPAMZTWLKIDIOP-WVZVXSGGSA-M,44229111
cd2_p,MNXM4505,WLZRMCYVCSSEQC-UHFFFAOYSA-N,31193
15dap_p,MNXM943,VHRGRCVQAFMJIZ-UHFFFAOYSA-P,3718401
cgly_p,MNXM683,ZUKPVRWZDMRIEO-VKHMYHEASA-N,7098621
2hdec9eg3p_p,MNXM5464,,
1agpe120_p,MNXM32692,IZDRGPDUDLWAGR-UHFFFAOYSA-N,24802261
2hdecg3p_p,MNXM5465,LPQBQFLKBCPNAV-GOSISDBHSA-N,53478599
chol_p,MNXM90,OEYIOHPDSNJKLS-UHFFFAOYSA-N,305
1agpe140_p,MNXM32693,RPXHXZNGZBHSMJ-GOSISDBHSA-N,86583448
chtbs_p,MNXM722863,,
2odec11eg3p_p,MNXM5480,,
1agpe141_p,MNXM6599,YSHZQRWWOMLMJJ-UHFFFAOYSA-N,
2odecg3p_p,MNXM5481,RPAOEHFOGLEBTJ-HXUWFJFHSA-N,53478600
cit_p,MNXM131,KRKNYBCHXYNGOX-UHFFFAOYSA-K,31348
1agpe160_p,MNXM32511,YVYMBNSKXOXSKW-HXUWFJFHSA-N,58177710
cl_p,MNXM43,VEXZGXHMUGYJMC-UHFFFAOYSA-M,312
2tdec7eg3p_p,MNXM5490,,
1agpe161_p,MNXM6601,JURXBKAAUDRHQL-HXUWFJFHSA-N,146037146
2tdecg3p_p,MNXM5491,,
1agpe180_p,MNXM722840,BBYWOYAFBUOUFP-JOCHJYFZSA-N,46891690
34dhpac_p,MNXM1401,IADQVXRMSNIUEL-UHFFFAOYSA-N,119219
3amp_p,MNXM1985,LNQVTSROQXJCDD-KQYNXXCUSA-L,15938966
clpn120_p,MNXM5078,LNSKUBQTAKEJOP-UHFFFAOYSA-L,98042585
clpn140_p,MNXM83974,SDCJNZZAOLRVCP-GTOSQJSUSA-L,126961030
1agpe181_p,MNXM9584,PYVRVRFVLRNJLY-MDZDMXLPSA-N,71571631
clpn141_p,MNXM7149,JFMBCSNNHZGVDL-UHFFFAOYSA-L,
3cmp_p,MNXM2182,UOOOPKANIPLQPU-XVFCMESISA-L,7098661
3gmp_p,MNXM2183,ZDPUTNZENXVHJC-UUOKFMHZSA-L,135823809
1agpg120_p,MNXM32695,IACXMECMZISNLR-UHFFFAOYSA-M,52927434
3hcinnm_p,MNXM1799,KKSDGJDHHZEWEP-SNAWJCMRSA-M,54694258
clpn160_p,MNXM45654,GRTNLBQYBYZCCM-ULKDXPJMSA-L,49859691
1agpg140_p,MNXM6603,LUTDZDAPSDZVAL-RBUKOAKNSA-M,71296220
clpn161_p,MNXM4501,UYSHBKYVDAZLKJ-GMUISZSCSA-L,
3hpp_p,MNXM872,ALRHLSYJTWAHJZ-UHFFFAOYSA-M,5459847
1agpg141_p,MNXM6604,GESRECYVWPNAJC-UHFFFAOYSA-M,
3hpppn_p,MNXM1634,QVWAEZJXDYOKEH-UHFFFAOYSA-M,6931501
clpn180_p,MNXM5079,XVTUQDWPJJBEHJ-UHFFFAOYSA-L,73408593
clpn181_p,MNXM4503,HSSSADMXQPKIEB-GXYAQEMJSA-L,
1agpg160_p,MNXM6605,BVJSKAUUFXBDOB-LEWJYISDSA-M,71296200
cm_p,MNXM4519,WIIZWVCIJKGZOK-RKDXNWHRSA-N,5959
3ump_p,MNXM2184,FOGRQMPFHUHIGU-XVFCMESISA-L,23421206
4abut_p,MNXM192,BTCSSZJGUNDROE-UHFFFAOYSA-N,6992099
1agpg161_p,MNXM6606,JSKJPUCKVIJTKI-PNHFMCTPSA-N,52927436
4hoxpacd_p,MNXM479,IPRPPFIAVHPVJH-UHFFFAOYSA-N,440113
cmp_p,MNXM31,IERHLVCPSMICTF-XVFCMESISA-L,7058165
1agpg180_p,MNXM6607,HFJVKBVEKQHVTO-XZOQPEGZSA-M,71296221
co2_p,MNXM13,CURLTUGMZLYLDI-UHFFFAOYSA-N,280
5dglcn_p,MNXM963,IZSRJDGCGRAUAR-MROZADKFSA-M,24802254
1agpg181_p,MNXM73868,FQQQKGAFQIIGLQ-SNZQZGEVSA-M,71296157
5mtr_p,MNXM1592,ACWASDPGAVYCNI-JKUQZMGJSA-N,6419710
cobalt2_p,MNXM90960,XLJKHNWPARRRJB-UHFFFAOYSA-N,104729
g6p_p,MNXM160,NBSCHQHZLSJFNQ-GASJEMHNSA-L,23421199
colipa_p,MNXM47647,SFVRSCGTAWOHDB-JMYCZVSXSA-C,46173498
colipap_p,MNXM147454,,
cpgn_p,MNXM114191,FQIVLXIUJLOKPL-DWZMLRRXSA-N,76957149
LalaDglu_p,MNXM3630,VYZAGTDAHUIRQA-CRCLSJGQSA-M,25203551
LalaDgluMdap_p,MNXM90242,FMNCPUGORYYCEM-QCLAVDOMSA-N,25203562
LalaDgluMdapDala_p,MNXM59271,BAPAFFOXTCMVCC-UHFFFAOYSA-M,
LalaLglu_p,MNXM4026,VYZAGTDAHUIRQA-WHFBIAKZSA-M,7006474
gal_p,MNXM390,WQZGKKKJIJFFOK-PHYPRBDBSA-N,439357
ac_p,MNXM26,QTBSBXVTEAMEQO-UHFFFAOYSA-M,175
acac_p,MNXM154,WDJHALXBUFZDSR-UHFFFAOYSA-M,6971017
cpgn_un_p,MNXM2999,UOAJJXLNFIOBGG-WGRRYVMGSA-N,122404798
crn_p,MNXM173,PHIQHXFUZVPYII-ZCFIWIBFSA-N,10917
gal_bD_p,MNXM112,WQZGKKKJIJFFOK-FPRJBGLDSA-N,439353
crn__D_p,MNXM246,PHIQHXFUZVPYII-LURJTMIESA-N,2724480
acald_p,MNXM75,IKHGUXGNUITLKF-UHFFFAOYSA-N,177
gal1p_p,MNXM336,HXXFSFRBOHSIMQ-FPRJBGLDSA-L,7098639
acgal_p,MNXM395,OVRNDRQMDRJTHS-KEWYIRBNSA-N,35717
csn_p,MNXM761,OPTASPLRGRRNAP-UHFFFAOYSA-N,597
galct__D_p,MNXM1080,DSLZVSRJTYRBFB-DUHBMQHGSA-L,5459845
acgal1p_p,MNXM2401,FZLJPEPAYPUMMR-JAJWTYFOSA-L,49859685
galctn__D_p,MNXM1734,RGHNJXZEOKUKBD-MGCNEYSASA-M,5461127
acgam_p,MNXM143,OVRNDRQMDRJTHS-RTRLPJTCSA-N,439174
ctbt_p,MNXM1607,GUYHPGUANSLONG-SNAWJCMRSA-N,5462194
galctn__L_p,MNXM636,RGHNJXZEOKUKBD-RSJOWCBRSA-M,44229140
cu_p,MNXM3568,VMQMZMRVKUZKQL-UHFFFAOYSA-N,104815
acgam1p_p,MNXM91871,FZLJPEPAYPUMMR-RTRLPJTCSA-L,10979523
galt_p,MNXM1233,FBPFZTCFMRRESA-GUCUJZIJSA-N,11850
acmana_p,MNXM2403,MBLBDJOUHNCFQT-XAMCCFCMSA-N,22952041
cu2_p,MNXM632,JPVYNHNXODAKFH-UHFFFAOYSA-N,27099
galur_p,MNXM48464,AEMOLEFTQBMNLQ-YMDCURPLSA-M,46173511
cyan_p,MNXM254,LELOWRISYMNNSU-UHFFFAOYSA-N,768
acmum_p,MNXM2263,MNLRQHMNZILYPY-MKFCKLDKSA-M,16738680
gam_p,MNXM533,MSWZFWKMSRAUBD-IVMDWMLBSA-O,45266741
acnam_p,MNXM227,SQVRNKJHWKZAKO-LUWBGTNYSA-M,6857396
cynt_p,MNXM1191,XLJMAIOERFSOGZ-UHFFFAOYSA-M,105034
acolipa_p,MNXM37330,IOAOXSQGQQYOQU-WSFSDJJVSA-E,
gam6p_p,MNXM370,XHMJOUIAFHJHBW-IVMDWMLBSA-M,45266742
acser_p,MNXM418,VZXPDPZARILFQX-BYPYZUCNSA-N,6971051
cys__D_p,MNXM2112,XUJNEKJLAYXESH-UWTATZPHSA-N,6419721
gbbtn_p,MNXM626,JHPNVNIEXXLNTR-UHFFFAOYSA-N,725
cys__L_p,MNXM55,XUJNEKJLAYXESH-REOHCLBHSA-N,6419722
ade_p,MNXM168,GFFGJBXGBJISGV-UHFFFAOYSA-N,190
gdp_p,MNXM30,QGWNDRXFNXRZMB-UUOKFMHZSA-K,135398618
adn_p,MNXM212,OIRDTQYFTABQOQ-KQYNXXCUSA-N,60961
cytd_p,MNXM338,UHDGCWIWMRVCDJ-XVFCMESISA-N,6175
glc__D_p,MNXM41,WQZGKKKJIJFFOK-GASJEMHNSA-N,5793
dad_2_p,MNXM625,OLXZPDWKRNYJJZ-RRKCRQDMSA-N,13730
adocbl_p,MNXM90703,ZIHHMGTYZOSFRC-QRVZQHAISA-N,
glcn_p,MNXM341,RGHNJXZEOKUKBD-SQOUGZDYSA-M,6419706
agm_p,MNXM328,QYPPJABKJHAVHS-UHFFFAOYSA-P,5257176
akg_p,MNXM20,KPGXRSRHYNQIFN-UHFFFAOYSA-L,164533
damp_p,MNXM432,KHWCHTKSEGGWEX-RRKCRQDMSA-L,22848660
glcr_p,MNXM744,DSLZVSRJTYRBFB-LLEIAEIESA-L,5288393
dca_p,MNXM162295,GHVNFZFCNZKVNT-UHFFFAOYSA-M,4678093
ala_B_p,MNXM144,UCMIRNVEIXFBKS-UHFFFAOYSA-N,4755801
glcur_p,MNXM241,AEMOLEFTQBMNLQ-AQKNRBDQSA-M,16740916
ala__D_p,MNXM156,QNAYBMKLOCPYGJ-UWTATZPHSA-N,7311725
dcmp_p,MNXM266,NCMVOABPESMRCP-SHYZEUOFSA-L,7058169
glcur1p_p,MNXM1165,AIQDYKMWENWVQJ-QIUUJYRFSA-K,25244365
dcyt_p,MNXM704,CKTSBUTUHBMZGZ-SHYZEUOFSA-N,13711
ala__L_p,MNXM32,QNAYBMKLOCPYGJ-REOHCLBHSA-N,7311724
ddca_p,MNXM162258,POULHZVOKOAJMA-UHFFFAOYSA-M,4149208
alaala_p,MNXM669,DEFJQIDDEAULHB-QWWZWVQMSA-N,6992112
gln__L_p,MNXM37,ZDXPYRJPNDTMRX-VKHMYHEASA-N,6992086
all__D_p,MNXM1919,WQZGKKKJIJFFOK-IVMDWMLBSA-N,439507
dgmp_p,MNXM546,LTFMZDNNPPEQNG-KVQBGUIXSA-L,135398596
glu__L_p,MNXM89557,WHUUTDBJXJRKMK-VKHMYHEASA-M,5460299
dgsn_p,MNXM647,YKBGVTZYEHREMT-KVQBGUIXSA-N,135398592
alltn_p,MNXM612,POJWUDADGALRAB-UHFFFAOYSA-N,204
gly_p,MNXM29,DHMQDGOQFOQNFH-UHFFFAOYSA-N,5257127
alpp_p,MNXM92124,,
dha_p,MNXM460,RXKJFZQQPQGTFL-UHFFFAOYSA-N,670
glyald_p,MNXM435,MNQZXJOMYWMBOU-VKHMYHEASA-N,79014
dimp_p,MNXM1922,PHNGFPPXDJJADG-RRKCRQDMSA-L,135398613
amp_p,MNXM14,UDMBCSSLTHHNCD-KQYNXXCUSA-L,15938965
glyb_p,MNXM289,KWIUHFFTVRNATP-UHFFFAOYSA-N,247
anhgm_p,MNXM3060,VWOAYOXNDDJRIH-UHFFFAOYSA-M,
anhgm3p_p,MNXM63489,ZWZMFRJKRXDGBE-UHFFFAOYSA-L,45479614
din_p,MNXM935,VGONTNSXDCQUGY-RRKCRQDMSA-N,135398593
dms_p,MNXM444,QMMFVYPAHWMCMS-UHFFFAOYSA-N,1068
glyc_p,MNXM89612,PEDCQBHIVMGVHV-UHFFFAOYSA-N,753
dmso_p,MNXM745,IAZDPXIOMUYVGZ-UHFFFAOYSA-N,679
dopa_p,MNXM205,VYFYYTLLBUKUHU-UHFFFAOYSA-O,3713609
anhgm4p_p,MNXM63488,ZTOWCORYLXDAAW-JOUWMGDHSA-L,
arab__L_p,MNXM91126,PYMYPHUHKUWMLA-VAYJURFESA-N,5460291
glyc__R_p,MNXM189,RBNPOMFGQQGHHO-UWTATZPHSA-M,5460358
arbt_p,MNXM2683,BJRNKVDFDLYUGJ-RMPHRYRLSA-N,440936
doxrbcn_p,MNXM37015,AOJJSUZBOXZQNB-TZSSRYMLSA-O,40469134
glyc2p_p,MNXM2527,DHCLVCXQIBBOPH-UHFFFAOYSA-L,3611397
dsbaox_p,MNXM97004,,
arbtn_p,MNXM96506,VKZKTOZRSOFPMT-UHFFFAOYSA-K,
glyc3p_p,MNXM66,AWUCVROLDVIAJX-GSVOUGTGSA-L,7048686
arbtn_fe3_p,MNXM1464,KDHHWXGBNUCREU-HOTGVXAUSA-K,25244827
arg__L_p,MNXM70,ODKSFYDXXFIFQN-BYPYZUCNSA-O,1549073
dsbard_p,MNXM12618,,
glyclt_p,MNXM222,AEMRFAOFKBGASW-UHFFFAOYSA-M,5460308
dsbcox_p,MNXM97006,,
ascb__L_p,MNXM129,CIWBSHSKHKDKBQ-JLAZNSOCSA-M,54679076
gmp_p,MNXM113,RQFCJASXJCIDSX-UUOKFMHZSA-L,135398630
asn__L_p,MNXM147,DCXYFEDJOCDNAF-REOHCLBHSA-N,6992089
dsbcrd_p,MNXM12772,,
gsn_p,MNXM401,NYHBQMYGNKIUIF-UUOKFMHZSA-N,135398635
dsbgox_p,MNXM97003,,
aso3_p,MNXM658,AQLMHYSWFMLWBS-UHFFFAOYSA-N,6857431
gthox_p,MNXM151,YPZRWBKMTBYPTK-BJDJZHNGSA-L,40467895
asp__L_p,MNXM42,CKLJMWTZIZZHCS-REOHCLBHSA-M,5460294
dsbgrd_p,MNXM12615,,
btn_p,MNXM304,YBJHBAHKTGYVGT-ZKWXMUAHSA-M,6560210
gthrd_p,MNXM57,RWSXRVCMGQZWBV-WDSKDSINSA-M,7048684
but_p,MNXM162281,FERIUCNNQQJTOY-UHFFFAOYSA-M,104775
dtmp_p,MNXM257,GYOZYWVXFNDGLU-XLPZGREQSA-L,16755631
gtp_p,MNXM51,XKMLYUALXHKNFT-UUOKFMHZSA-J,135398632
dump_p,MNXM234,JSRLJPSBLDHEIO-SHYZEUOFSA-L,18601100
butso3_p,MNXM7138,QDHFHIQKOVNCNC-UHFFFAOYSA-M,3704751
gua_p,MNXM259,UYTPUPDQBNUYGX-UHFFFAOYSA-N,135398634
ca2_p,MNXM128,BHPQYMZQTOCNFJ-UHFFFAOYSA-N,271
duri_p,MNXM492,MXHRCPNRJAMMIM-SHYZEUOFSA-N,13712
h_p,MNXM1,GPRLSGONYQIRFK-UHFFFAOYSA-N,1038
eca2und_p,MNXM31479,QGEVVARZDHTYSR-JPDQSREWSA-J,123131537
eca3und_p,MNXM6543,AEBNALYOCQHPHC-FKUZKRBFSA-I,123131509
h2_p,MNXM195,UFHFLCQGNIYNRP-UHFFFAOYSA-N,783
eca4colipa_p,MNXM91786,DZEXDGYTOKBZIY-GVBMLQGBSA-C,
h2o_p,MNXM2,XLYOFNOQVPJJNP-UHFFFAOYSA-N,962
eca4und_p,MNXM6545,CVYQIROAIKSYLV-HBQGRVRBSA-H,123131557
h2o2_p,MNXM22,MHAJPDPJQMAIIY-UHFFFAOYSA-N,784
enlipa_p,MNXM7670,GSHAAWZSAOJXLM-RQBQWGHISA-H,46173153
murein4p3p_p,MNXM88346,AKLORNSFZCNZDU-UHFFFAOYSA-H,
h2s_p,MNXM89582,RWSOTUBLDIXVET-UHFFFAOYSA-M,5047209
murein4p4p_p,MNXM88347,VTZDBMVDVOTCFD-UHFFFAOYSA-G,
murein4px4p_p,MNXM5316,KGQATEQHQGANJW-UHFFFAOYSA-I,46173160
enter_p,MNXM883,SERBHKJMVBATSJ-BZSNNMDCSA-M,86289367
hdca_p,MNXM108,IPCSVZSSVZVIGE-UHFFFAOYSA-M,504166
etha_p,MNXM218,HZAXFHJVJLSVMW-UHFFFAOYSA-O,444693
murein4px4p4p_p,MNXM87122,NPJMJVATSCHTAI-UHFFFAOYSA-F,45479229
hdcea_p,MNXM950,SECPZKHBENQXJG-UHFFFAOYSA-M,25201283
murein4px4px4p_p,MNXM6451,,
ethso3_p,MNXM7343,CCIVGXIOQKPBKL-UHFFFAOYSA-M,3717105
etoh_p,MNXM303,LFQSCWFLJHTTHZ-UHFFFAOYSA-N,702
hg2_p,MNXM1562,BQPIGGFYSBELGY-UHFFFAOYSA-N,26623
f6p_p,MNXM89621,BGWGXPAPYGQALX-ARQDHWQXSA-L,21604863
murein5p3p_p,MNXM5972,SBOXLYQXPDGZLN-UHFFFAOYSA-G,
his__L_p,MNXM134,HNDVDQJCIGZPNO-YFKPBYRVSA-N,6971009
murein5p4p_p,MNXM5971,YJNGRCZHKAYCMA-VZNOAHCOSA-E,
fald_p,MNXM56,WSFSSNUMVMOOMR-UHFFFAOYSA-N,712
hom__L_p,MNXM353,UKAUYVFTDYCKQA-VKHMYHEASA-N,6971022
fe2_p,MNXM111,CWYNVVGOOAEACU-UHFFFAOYSA-N,27284
murein5p5p_p,MNXM88345,WSONNHVKPYOZEY-UHFFFAOYSA-E,
hxa_p,MNXM1653,FUZZWVXGSFPDMH-UHFFFAOYSA-M,4398339
murein5p5p5p_p,MNXM7807,FOZGDVCGOFWZKF-SSRSPRHQSA-G,
fe3_p,MNXM196,VTLYFUHAOXGGBS-UHFFFAOYSA-N,29936
hxan_p,MNXM213,FDGQSTZJBFJUBT-UHFFFAOYSA-N,135398638
fe3dcit_p,MNXM146388,VAVAILGEOMLRRK-UHFFFAOYSA-H,21872884
murein5px3p_p,MNXM5970,NWXIFLQOGBWFMT-UHFFFAOYSA-J,
murein5px4p_p,MNXM88338,NQXCJQVWBSGGNW-UHFFFAOYSA-E,
idon__L_p,MNXM1565,RGHNJXZEOKUKBD-SKNVOMKLSA-M,5459956
murein5px4px4p_p,MNXM87121,UVVIMBIDZMDRCG-UHFFFAOYSA-D,45479251
fe3dhbzs_p,MNXM5748,IHUQSEJNRLOEKL-UHFFFAOYSA-N,
fe3hox_p,MNXM57764,TZTOIBKTIUBWAR-UHFFFAOYSA-N,
ile__L_p,MNXM231,AGPKZVBTJJNPAG-WHFBIAKZSA-N,7043901
fe3hox_un_p,MNXM90823,,
n2o_p,MNXM579,GQPLMRYTRLFLPF-UHFFFAOYSA-N,948
imp_p,MNXM125,GRSZFWQUAKGDAV-KQYNXXCUSA-L,135398639
na1_p,MNXM27,FKNQFGJONOIPTF-UHFFFAOYSA-N,923
fecrm_p,MNXM2825,GGUNGDGGXMHBMJ-OCIDDWSYSA-N,121489511
indole_p,MNXM377,SIKJAQJRHWYJAI-UHFFFAOYSA-N,798
fecrm_un_p,MNXM53290,ZZDYFKJSJLUQON-UFYCRDLUSA-N,90658043
nac_p,MNXM274,PVNIIMVLHYAWGP-UHFFFAOYSA-M,937
nh4_p,MNXM15,QGZKDVFQNNGYKY-UHFFFAOYSA-O,223
ni2_p,MNXM3673,VEQPNABPJHWNSG-UHFFFAOYSA-N,934
feenter_p,MNXM7354,NGILTSZTOFYVBF-UVJOBNTFSA-H,16048613
feoxam_p,MNXM162837,SRMBQCVUAVULDJ-UHFFFAOYSA-O,123851
inost_p,MNXM127,CDAISMWEOUEBRE-GPIVLXJGSA-N,892
feoxam_un_p,MNXM90827,,
nmn_p,MNXM355,DAYLJWODMCOQEW-TURQNECASA-M,23617374
no_p,MNXM228,MWUXSHHQAYIFBG-UHFFFAOYSA-N,145068
ins_p,MNXM334,UGQMRVRMYYASKQ-KQYNXXCUSA-N,135398641
no2_p,MNXM107,IOVCWXUNBOPUCH-UHFFFAOYSA-M,946
for_p,MNXM39,BDAGIHXWWSANSR-UHFFFAOYSA-M,283
isetac_p,MNXM1630,SUMDYPCJJOFFON-UHFFFAOYSA-M,3955599
fru_p,MNXM175,RFSUNEUAIZKAJO-VRPWFDPXSA-N,439163
no3_p,MNXM207,NHNBFGGVMKEFGY-UHFFFAOYSA-N,943
k_p,MNXM95,NPYPAHLBTDXSSS-UHFFFAOYSA-N,813
novbcn_p,MNXM65002,YJQPYGGHQPGBLI-KGSXXDOSSA-M,15940185
frulys_p,MNXM1742,BFSYFTQDGRDJNV-AYHFEMFVSA-O,49859675
kdo2lipid4_p,MNXM824,XAOLJGCZESYRFT-VHSKNIDJSA-H,25246224
fruur_p,MNXM1660,PTCIWUZVDIQTOW-XDJBDKDSSA-M,25245784
o16a2und_p,MNXM31520,JLHGQTKMJCQGJD-CEOXHMAOSA-L,123131537
lac__D_p,MNXM285,JVTAAEKCZFNVCJ-UWTATZPHSA-M,5460179
o16a3und_p,MNXM31521,MAEXVFVVTLQJBE-BYBSPDODSA-K,123131537
fuc__L_p,MNXM40586,PNNNRSAQSRJVSB-KCDKBNATSA-N,3034656
fum_p,MNXM93,VZCYOOQTPOCHFL-OWOJBTEDSA-L,5460307
lac__L_p,MNXM179,JVTAAEKCZFNVCJ-REOHCLBHSA-M,5460161
fusa_p,MNXM125818,IECPWNUMDGFDKC-MZJAQBGESA-M,44123551
o16a4colipa_p,MNXM91789,KAVZMDKPFMCUGM-QWDGEOHMSA-C,
o16a4und_p,MNXM31523,RNMNOQBZUYAUDM-UBJCEAIVSA-J,
lcts_p,MNXM362,GUBGYTABKSRVRQ-QKKXKWKRSA-N,440995
o16aund_p,MNXM65211,NYDKXESIKHJNQU-FIYHCCFRSA-L,123131523
leu__L_p,MNXM140,ROHFNLRQFUQHCH-YFKPBYRVSA-N,7045798
o2_p,MNXM4,MYMOFIZGZYHOMD-UHFFFAOYSA-N,977
g1p_p,MNXM89588,HXXFSFRBOHSIMQ-GASJEMHNSA-L,23421198
lipa_p,MNXM946,DIXUKJUHGLIZGU-OIPVZEHTSA-H,25244473
g3pc_p,MNXM367,SUHOQUVVVLNYQR-MRVPVSSYSA-N,657272
o2s_p,MNXM330,OUUQCZGPVNCOIJ-UHFFFAOYSA-M,5359597
lipa_cold_p,MNXM6016,YMYMIWUIGJUAIZ-LSPGFKFTSA-H,25246139
ocdca_p,MNXM236,QIQXTHQIDYTFRH-UHFFFAOYSA-M,3033836
g3pe_p,MNXM368,JZNWSCPGTDBMEW-YFKPBYRVSA-N,5459861
lipoate_p,MNXM1484,AGBQKNBQESQNJD-SSDOTTSWSA-M,1549144
g3pg_p,MNXM598,LLCSXHMJULHSJN-UHFFFAOYSA-M,25202983
ocdcea_p,MNXM306,ZQPPMHVWECSIRJ-KTKRTIGZSA-M,5460221
octa_p,MNXM750,WWZKQHOCKIZLMA-UHFFFAOYSA-M,119389
g3pi_p,MNXM1517,BMVUIWJCUQSHLZ-UJGXJMNGSA-M,45480544
lpp_p,MNXM7493,,
g3ps_p,MNXM97117,ZWZWYGMENQVNFU-UHNVWZDZSA-M,57339260
orn_p,MNXM89689,AHLPHDHHMVZTML-BYPYZUCNSA-O,6992088
lys__L_p,MNXM78,KDXKERNSBIXSRK-YFKPBYRVSA-O,5460926
orot_p,MNXM235,PXQPEWDEAKTCGB-UHFFFAOYSA-M,1492348
lyx__L_p,MNXM4641,SRBFZHDQGSBBOR-AEQNFAKKSA-N,439508
pa120_p,MNXM90509,OKLASJZQBDJAPH-UHFFFAOYSA-M,3702281
mal__D_p,MNXM1608,BJEPYKJPYRNKOW-UWTATZPHSA-L,5459794
pa140_p,MNXM51017,OZSITQMWYBNPMW-GDLZYMKVSA-L,25202369
so3_p,MNXM105630,LSNNMFCWUKXFEE-UHFFFAOYSA-L,1099
mal__L_p,MNXM98,BJEPYKJPYRNKOW-REOHCLBHSA-L,5459792
so4_p,MNXM58,QAOWNCQODCNURD-UHFFFAOYSA-L,1117
pa141_p,MNXM90512,YHCODXWOEMUSCB-UHFFFAOYSA-M,
malt_p,MNXM165,GUBGYTABKSRVRQ-PICCSMPSSA-N,439186
pa160_p,MNXM17312,PORPENFLTBBHSG-MGBGTMOVSA-L,25201390
spmd_p,MNXM124,ATHGHQPFGPMSJY-UHFFFAOYSA-Q,6992097
malthx_p,MNXM1317,OCIBBXPLUVYKCH-QXVNYKTNSA-N,5288409
succ_p,MNXM25,KDYFGRWQOYBRFD-UHFFFAOYSA-L,160419
pa161_p,MNXM90510,YLDMPBGXNLGSQO-UHFFFAOYSA-M,
maltpt_p,MNXM1538,FTNIPWXXIGNQQF-DWTFCAFKSA-N,13489094
pa180_p,MNXM51279,YFWHNAWEOZTIPI-DIPNUNPCSA-L,25200924
sucr_p,MNXM167,CZMRCDWAGMRECN-UGDNZRGBSA-N,5988
malttr_p,MNXM468,FYGDTMLNYKFZSV-PXXRMHSHSA-N,192826
sulfac_p,MNXM1949,AGGIJOLULBJGTQ-UHFFFAOYSA-L,7233169
pa181_p,MNXM90511,LMYYBYHAZAFVTR-UHFFFAOYSA-M,
maltttr_p,MNXM5663,LUEWUZLMQUOBSB-ZLBHSGTGSA-N,446495
pacald_p,MNXM473,DTUQWGWMVIHBKE-UHFFFAOYSA-N,998
tartr__D_p,MNXM7948,FEWJPZIEWOKRBE-LWMBPPNESA-L,5460284
man_p,MNXM182,WQZGKKKJIJFFOK-QTVWNMPRSA-N,18950
tartr__L_p,MNXM816,FEWJPZIEWOKRBE-JCYAYHJZSA-L,119400
pe120_p,MNXM2858,ZLGYVWRJIZPQMM-UHFFFAOYSA-N,108390
taur_p,MNXM282,XOAAWQZATWQOTB-UHFFFAOYSA-N,4068592
man6p_p,MNXM427,NBSCHQHZLSJFNQ-QTVWNMPRSA-L,23421200
tcynt_p,MNXM762,ZMZDMBWJUHKJPS-UHFFFAOYSA-M,9322
pe140_p,MNXM2859,NEZDNQCXEZDCBI-UHFFFAOYSA-N,75228634
pe141_p,MNXM3693,GYSOQFNJPRBSQI-UHFFFAOYSA-N,
manglyc_p,MNXM1624,DDXCFDOPXBPUJC-SAYMMRJXSA-M,46878394
pe160_p,MNXM32178,SLKDGVPOSSLUAI-PGUFJCEWSA-N,11802774
thm_p,MNXM161565,MYVIATVLJGTBFV-UHFFFAOYSA-M,6042
melib_p,MNXM8340,DLRVVLDZNNYCBX-ZZFZYMBESA-N,11458
thr__L_p,MNXM142,AYFVYJQAPQTCCC-GBXIJSLDSA-N,6971019
pe161_p,MNXM71458,PGPMCWZMPPZJML-UHFFFAOYSA-N,73091991
meoh_p,MNXM157,OKKJLVBELUTLKV-UHFFFAOYSA-N,887
pe180_p,MNXM31536,LVNGJLRDBYCPGB-LDLOPFEMSA-N,15061530
thrp_p,MNXM1492,USRGIUJOYOXOQJ-GBXIJSLDSA-L,36688171
met__D_p,MNXM1275,FFEARJCKVFRZRR-SCSAIBSYSA-N,6992109
thym_p,MNXM386,RWQNBRDOKXIBIV-UHFFFAOYSA-N,1135
pe181_p,MNXM2150,FXSMMNUNFDTUMS-UHFFFAOYSA-N,76042079
met__L_p,MNXM61,FFEARJCKVFRZRR-BYPYZUCNSA-N,6992087
peamn_p,MNXM660,BHHGXPLMPWCGHP-UHFFFAOYSA-O,448751
thymd_p,MNXM420,IQFYYKKMVGJFEH-XLPZGREQSA-N,5789
metsox_R__L_p,MNXM2245,QEFRNWWLZKMPFJ-ZXPFJRLXSA-N,11862103
tma_p,MNXM352,GETQZCLCWQTVFV-UHFFFAOYSA-O,3782034
pg120_p,MNXM1771,LHCZDUCPSRJDJT-UHFFFAOYSA-N,173953
pg140_p,MNXM51019,BPHQZTVXXXJVHI-AJQTZOPKSA-M,101129329
metsox_S__L_p,MNXM2246,QEFRNWWLZKMPFJ-YGVKFDHGSA-N,158980
pg141_p,MNXM2029,CBUSDRUVJCLICO-UHFFFAOYSA-M,
tmao_p,MNXM437,UYPYRKYUKCHHIB-UHFFFAOYSA-N,1145
mg2_p,MNXM653,JLVVSXFLKOJNIY-UHFFFAOYSA-N,888
tre_p,MNXM198,HDTRYLNUVZCQOY-LIZSDCNHSA-N,7427
pg160_p,MNXM32179,BIABMEZBCHDPBV-MPQUPPDSSA-M,49859575
mincyc_p,MNXM128081,DYKFCLLONBREIL-KVUCHLLUSA-N,54675783
pg161_p,MNXM75101,GHQNERCMPIDAAU-ANXSUKRNSA-M,75144461
trp__L_p,MNXM94,QIVBCDIJIAJPQS-VIFPVBQESA-N,6923516
minohp_p,MNXM491,IMQLKJBTEOYOSI-GPIVLXJGSA-B,
tsul_p,MNXM323,DHCDFWKWKRSZHF-UHFFFAOYSA-M,439208
ttdca_p,MNXM162239,TUNFSRHWOTWDNC-UHFFFAOYSA-M,4075158
pg180_p,MNXM75102,FVJZSBGHRPJMMA-IOLBBIBUSA-M,49859664
pg181_p,MNXM1773,SOLXJHKVRWSNJX-UHFFFAOYSA-M,
pgp120_p,MNXM5266,LNEADDPQSRWQGI-UHFFFAOYSA-L,
mmet_p,MNXM1119,YDBYJHTYSHBBAU-YFKPBYRVSA-O,7098638
pgp140_p,MNXM5272,QNQMHFGHRCVQGM-UHFFFAOYSA-L,
ttdcea_p,MNXM641,,
ttrcyc_p,MNXM97613,OFVLGDICTFRJMM-WESIUVDSSA-N,54675776
mn2_p,MNXM2255,WAEMQWOKJMHJLA-UHFFFAOYSA-N,27854
tungs_p,MNXM88308,PBYZMCDFOULPGH-UHFFFAOYSA-N,24465
pgp141_p,MNXM5271,GDLXTQRUMWAYHJ-UHFFFAOYSA-L,
pgp160_p,MNXM32180,ONJBJMDJKLHMEK-MPQUPPDSSA-K,49859597
mnl_p,MNXM615,FBPFZTCFMRRESA-KVTDHHQDSA-N,6251
pgp161_p,MNXM75103,PTJJTQQVMKSSOK-WXUKJITCSA-K,
tym_p,MNXM603,DZGWFCGJZKJUFP-UHFFFAOYSA-O,5249538
mobd_p,MNXM1026,MEFBJEMVZONFCJ-UHFFFAOYSA-N,24621
tyr__L_p,MNXM76,OUYCCCASQSFEME-QMMMGPOBSA-N,6942100
pgp180_p,MNXM75104,UZNYMWWMHBZMLI-IOLBBIBUSA-K,49859650
mso3_p,MNXM1485,AFVFQIVMOAPDHO-UHFFFAOYSA-M,85257
pgp181_p,MNXM5269,JUWFWNRVCXDDFB-UHFFFAOYSA-L,
tyrp_p,MNXM3323,DCWXELXMIBXGTH-QMMMGPOBSA-L,25202084
murein3p3p_p,MNXM88348,QKZNHGKXDALVQW-UHFFFAOYSA-I,
uLa4n_p,MNXM90891,BAFPKKRTAQMYMS-UHFFFAOYSA-N,73409672
phe__L_p,MNXM97,COLNVLDHVKWLRT-QMMMGPOBSA-N,6925665
murein3px3p_p,MNXM88342,IYFHCENFVZTZLO-UHFFFAOYSA-G,45479518
pheme_p,MNXM249,KABFMIBPWCXCRK-RGGAHWMASA-J,25203933
uacgam_p,MNXM47,LFTYTUAZOPRMMI-CFRASDGPSA-L,16667373
murein3px4p_p,MNXM88341,LOVDDQLBOGPFKC-UHFFFAOYSA-H,45479606
udcpdp_p,MNXM5043,NTXGVHCCXVHYCL-RDQGWRCRSA-K,25244309
pi_p,MNXM9,NBIIXXVUZAFLBC-UHFFFAOYSA-L,3681305
udcpp_p,MNXM251,UFPHFKCTOZIAFY-RDQGWRCRSA-L,25245653
udpacgal_p,MNXM162233,LFTYTUAZOPRMMI-LDDHHVEYSA-L,46926269
udpg_p,MNXM722710,HSCJRCZFDFQWRP-RDKQLNKOSA-L,44229134
udpgal_p,MNXM89795,HSCJRCZFDFQWRP-ABVWGUQPSA-L,9549262
udpglcur_p,MNXM87,HDYANYHVCAPMJV-LXQIFKJMSA-K,25202620
ump_p,MNXM80,DJJCXFVJDGTHFX-XVFCMESISA-L,1778309
unagamuf_p,MNXM6160,PSONHUYFSWYIME-RZVIFHIQSA-K,
ura_p,MNXM158,ISAKRJDGNUQOIC-UHFFFAOYSA-N,1174
urea_p,MNXM117,XSQUKJJJFZCRTK-UHFFFAOYSA-N,1176
uri_p,MNXM288,DRTQHJPVMGBUCF-XVFCMESISA-N,6029
val__L_p,MNXM199,KZSNJWFQEVHDMF-BYPYZUCNSA-N,6971018
xan_p,MNXM174,LRFVTYWOQMYALW-UHFFFAOYSA-N,1188
xmp_p,MNXM298,DCTLYFZHFGENCW-UUOKFMHZSA-L,23421208
xtsn_p,MNXM687,UBORTCNDUKBEOP-UUOKFMHZSA-N,64959
xyl__D_p,MNXM348,SRBFZHDQGSBBOR-IOVATXLUSA-N,135191
xylu__L_p,MNXM1282,ZAQJHHRNXZUBTE-WVZVXSGGSA-N,22253
zn2_p,MNXM149,PTFCDOFLOPIGGS-UHFFFAOYSA-N,32051
pnto__R_p,MNXM364,GHOKWGTUZJEAQD-ZETCQYMHSA-M,167945
ppa_p,MNXM162260,XBDQKXXYIPTUBI-UHFFFAOYSA-M,104745
ppal_p,MNXM821,NBBJYMSMWIIQGU-UHFFFAOYSA-N,527
pppn_p,MNXM1403,XMIIGOLPHOKFCH-UHFFFAOYSA-M,4740700
ppt_p,MNXM1683,ABLZXFCXXLZCGV-UHFFFAOYSA-L,406
pro__L_p,MNXM114,ONIBWKKTOPOVIA-BYPYZUCNSA-N,6971047
progly_p,MNXM7481,RNKSNIBMTUYWSH-YFKPBYRVSA-N,7408076
psclys_p,MNXM6409,BFSYFTQDGRDJNV-CDEVMZEPSA-O,49859644
pser__L_p,MNXM379,BZQFBWGGLXLEPQ-REOHCLBHSA-L,7059387
ptrc_p,MNXM118,KIDHWZJUCRJVML-UHFFFAOYSA-P,3452892
pydam_p,MNXM548,NHZMQXZHNVQTQA-UHFFFAOYSA-O,25245492
pydx_p,MNXM311,RADKZDMFGJYCBB-UHFFFAOYSA-N,1050
pydxn_p,MNXM419,LXNHXLLTXMVWPM-UHFFFAOYSA-N,1054
pyr_p,MNXM23,LCTONWCANYUPML-UHFFFAOYSA-M,107735
quin_p,MNXM474,AAWZDTNXLSGCEK-WYWMIBKRSA-M,1560034
r5p_p,MNXM15900,KTVPXOYAKDPRHY-AIHAYLRMSA-L,7098640
rfamp_p,MNXM80952,JQXXHWHPUNPDRT-WLSIYKJHSA-N,135550179
rib__D_p,MNXM242,HMFHBZSHGGEWLO-SOOFDHNKSA-N,5779
rmn_p,MNXM2967,PNNNRSAQSRJVSB-BXKVDMCESA-N,19233
sbt__D_p,MNXM469,FBPFZTCFMRRESA-JGWLITMVSA-N,5780
sel_p,MNXM2282,QYHFIVBSNOWOCQ-UHFFFAOYSA-L,26473
ser__D_p,MNXM694,MTCFGRXMJLQNBG-UWTATZPHSA-N,6857549
ser__L_p,MNXM53,MTCFGRXMJLQNBG-REOHCLBHSA-N,6857581
skm_p,MNXM602,JXOHGGNKMLTUBP-HSUXUTPPSA-M,7057976
slnt_p,MNXM1157,MCAHWIHFGHIESP-UHFFFAOYSA-L,1090
so2_p,MNXM4835,RAHZWNYVWXNFOC-UHFFFAOYSA-N,1119
