GeneName,GeneID
COX1,Q0045
ATP8,Q0080
ATP6,Q0085
COB,Q0105
OLI1,Q0130
COX2,Q0250
COX3,Q0275
CYS3,YAL012W
FUN26,YAL022C
PMT2,YAL023C
CDC19,YAL038W
GCV3,YAL044C
ACS1,YAL054C
BDH1,YAL060W
GDH3,YAL062W
ADE1,YAR015W
YAT1,YAR035W
PHO11,YAR071W
SCT1,YBL011W
FMT1,YBL013W
ACH1,YBL015W
PET9,YBL030C
RIB1,YBL033C
URA7,YBL039C
FUI1,YBL042C
COR1,YBL045C
PRX1,YBL064C
PRS4,YBL068W
ILS1,YBL076C
BNA4,YBL098W
ATP1,YBL099W
RER2,YBR002C
COQ1,YBR003W
GPI18,YBR004C
UGA2,YBR006W
IPP1,YBR011C
GAL7,YBR018C
GAL10,YBR019C
GAL1,YBR020W
FUR4,YBR021W
CHS3,YBR023C
ETR1,YBR026C
CDS1,YBR029C
HMT1,YBR034C
PDX3,YBR035C
CSG2,YBR036C
CHS2,YBR038W
ATP3,YBR039W
FAT1,YBR041W
CST26,YBR042C
TSC3,YBR058C-A
BAP2,YBR068C
TAT1,YBR069C
MIS1,YBR084W
AAC3,YBR085W
PHO3,YBR092C
PHO5,YBR093C
VPS15,YBR097W
ALG1,YBR110W
LYS2,YBR115C
TKL2,YBR117C
GRS1,YBR121C
TPS1,YBR126C
VMA2,YBR127C
AGP2,YBR132C
ADH5,YBR145W
ARA1,YBR149W
RIB7,YBR153W
IFA38,YBR159W
CSH1,YBR161W
TYR1,YBR166C
ECM31,YBR176W
DTR1,YBR180W
YPC1,YBR183W
RIM2,YBR192W
PGI1,YBR196C
KTR4,YBR199W
LDH1,YBR204C
KTR3,YBR205W
"DUR1,2",YBR208C
MET8,YBR213W
PYC2,YBR218C
PDB1,YBR221C
GPX2,YBR244W
HIS7,YBR248C
ARO4,YBR249C
DUT1,YBR252W
RIB5,YBR256C
SHM1,YBR263W
TSC10,YBR265W
CTP1,YBR291C
VBA2,YBR293W
SUL1,YBR294W
PHO89,YBR296C
MAL31,YBR298C
MAL32,YBR299W
PGS1,YCL004W
ILV6,YCL009C
LEU2,YCL018W
AGP1,YCL025C
HIS4,YCL030C
GRX1,YCL035C
ATG22,YCL038C
GLK1,YCL040W
APA1,YCL050C
PBN1,YCL052C
CHA1,YCL064C
VBA3,YCL069W
CIT2,YCR005C
ADY2,YCR010C
PGK1,YCR012W
SLM5,YCR024C
PMP1,YCR024C-A
FEN2,YCR028C
ELO2,YCR034W
RBK1,YCR036W
PHO87,YCR037C
ARE1,YCR048W
THR4,YCR053W
ERS1,YCR075C
TRX3,YCR083W
GIT1,YCR098C
ADH7,YCR105W
ATP16,YDL004W
TSC13,YDL015C
GPD1,YDL022W
SIR2,YDL042C
FAD1,YDL045C
SLC1,YDL052C
PSA1,YDL055C
IDP1,YDL066W
COX9,YDL067C
MDH3,YDL078C
THI3,YDL080C
NDE2,YDL085W
RAM1,YDL090C
PMT5,YDL093W
PMT1,YDL095W
GET3,YDL100C
QRI1,YDL103C
LYS21,YDL131W
BPL1,YDL141W
CRD1,YDL142C
SFA1,YDL168W
GLT1,YDL171C
DLD1,YDL174C
DLD2,YDL178W
LYS20,YDL182W
VMA1,YDL185W
GGC1,YDL198C
HEM3,YDL205C
UGA4,YDL210W
GDH2,YDL215C
GUD1,YDL238C
HXT15,YDL245C
MPH2,YDL247W
NTH1,YDR001C
TRP1,YDR007W
KCS1,YDR017C
GCV1,YDR019C
SES1,YDR023W
ARO3,YDR035W
KRS1,YDR037W
HEM13,YDR044W
BAP3,YDR046C
HEM12,YDR047W
TPI1,YDR050C
TGL2,YDR058C
LCB2,YDR062W
IPT1,YDR072C
TPS2,YDR074W
GRX3,YDR098C
ARO1,YDR127W
YCF1,YDR135C
EKI1,YDR147W
KGD2,YDR148C
HOM2,YDR158W
ARG82,YDR173C
SDH4,YDR178W
HST4,YDR191W
CAB5,YDR196C
COQ4,YDR204W
MSS4,YDR208W
ADK1,YDR226W
HEM1,YDR232W
LYS4,YDR234W
FMN1,YDR236C
CTA1,YDR256C
EXG2,YDR261C
MSW1,YDR268W
GLO2,YDR272W
DPP1,YDR284C
INM2,YDR287W
DPL1,YDR294C
SUR2,YDR297W
ATP5,YDR298C
PRO1,YDR300C
GPI11,YDR302W
HNT2,YDR305C
IPK1,YDR315C
ASP1,YDR321W
TIM11,YDR322C-A
YDR341C,YDR341C
HXT7,YDR342C
HXT6,YDR343C
HXT3,YDR345C
TRR1,YDR353W
TRP4,YDR354W
KEI1,YDR367W
YPR1,YDR368W
FRQ1,YDR373W
ARH1,YDR376W
ATP17,YDR377W
ARO10,YDR380W
ATO3,YDR384C
HPT1,YDR399W
URH1,YDR400W
DIT2,YDR402C
DIT1,YDR403W
ADE8,YDR408C
BNA7,YDR428C
TSA2,YDR453C
GUK1,YDR454C
PHO8,YDR481C
KRE2,YDR483W
RIB3,YDR487C
ITR1,YDR497C
SAM2,YDR502C
LPP1,YDR503C
GNP1,YDR508C
GRX2,YDR513W
QCR7,YDR529C
APA2,YDR530C
CAB1,YDR531W
STL1,YDR536W
YEA6,YEL006W
PMP2,YEL017C-A
URA3,YEL021W
RIP1,YEL024W
VMA3,YEL027W
BUD16,YEL029C
UTR4,YEL038W
CYC7,YEL039C
YEF1,YEL041W
GDA1,YEL042W
GLY1,YEL046C
FRD1,YEL047C
VMA8,YEL051W
PCM1,YEL058W
CAN1,YEL063C
HXT13,YEL069C
DLD3,YEL071W
PMI40,YER003C
YND1,YER005W
HEM14,YER014W
FAA2,YER015W
ISC1,YER019W
PRO3,YER023W
YAT2,YER024W
CHO1,YER026C
PHM8,YER037W
SAH1,YER043C
HOM3,YER052C
PIC2,YER053C
HIS1,YER055C
FCY2,YER056C
FCY21,YER060W
FCY22,YER060W-A
CEM1,YER061C
GPP2,YER062C
ICL1,YER065C
"ARG5,6",YER069W
RNR1,YER070W
ALD5,YER073W
SER3,YER081W
ILV1,YER086W
TRP2,YER090W
MET6,YER091C
PRS2,YER099C
AVT6,YER119C
YER152C,YER152C
ADK2,YER170W
GRX4,YER174C
TMT1,YER175C
PDA1,YER178W
FAU1,YER183C
DEG1,YFL001W
HXT10,YFL011W
GNA1,YFL017C
LPD1,YFL018C
FRS2,YFL022C
AGX1,YFL030W
SEC53,YFL045C
DAK2,YFL053W
AGP3,YFL055W
GSY1,YFR015C
FAB1,YFR019W
HIS2,YFR025C
MET10,YFR030W
QCR6,YFR033C
BNA6,YFR047C
HXK1,YFR053C
ERG26,YGL001C
PMA1,YGL008C
LEU1,YGL009C
ERG4,YGL012W
TRP5,YGL026C
PNC1,YGL037C
HEM2,YGL040C
OLE1,YGL055W
PYC1,YGL062W
PUS2,YGL063W
NPY1,YGL067W
HNM1,YGL077C
MPC1,YGL080W
GUP1,YGL084C
COQ8,YGL119W
MET13,YGL125W
GPI10,YGL142C
ARO2,YGL148W
LYS5,YGL154C
STR3,YGL184C
TPN1,YGL186C
COX4,YGL187C
COX13,YGL191W
ARO8,YGL202W
POX1,YGL205W
SDT1,YGL224C
VRG4,YGL225W
"ADE5,7",YGL234W
GUS1,YGL245W
PDE1,YGL248W
HXK2,YGL253W
ADH4,YGL256W
ECT1,YGR007W
NMA2,YGR010W
UGA1,YGR019W
VMA7,YGR020C
GSC2,YGR032W
MUP1,YGR055W
ERG25,YGR060W
ADE6,YGR061C
VHT1,YGR065C
PDC6,YGR087C
CTT1,YGR088W
VAS1,YGR094W
TPC1,YGR096W
CLD1,YGR110W
MEP1,YGR121C
ASN2,YGR124W
TPO2,YGR138C
SKN1,YGR143W
CYS4,YGR155W
CHO2,YGR157W
PSD2,YGR170W
MSM1,YGR171C
ERG1,YGR175C
ATF2,YGR177C
RNR4,YGR180C
QCR9,YGR183C
TYS1,YGR185C
HIP1,YGR191W
TDH3,YGR192C
PDX1,YGR193C
XKS1,YGR194C
PCT1,YGR202C
ADE3,YGR204W
SER2,YGR208W
TRX2,YGR209C
PFK1,YGR240C
MPC3,YGR243W
LSC2,YGR244C
CPD1,YGR247W
SOL4,YGR248W
ENO1,YGR254W
COQ6,YGR255C
GND2,YGR256W
TNA1,YGR260W
MES1,YGR264C
FOL2,YGR267C
CAB4,YGR277C
BGL2,YGR282C
BIO2,YGR286C
IMA1,YGR287C
MAL11,YGR289C
MAL12,YGR292W
LAG1,YHL003C
PRS3,YHL011C
DUR3,YHL016C
GUT1,YHL032C
MUP3,YHL036W
QCR10,YHR001W-A
LEU5,YHR002W
ERG11,YHR007C
DIA4,YHR011W
ARG4,YHR018C
DED81,YHR019C
YHR020W,YHR020W
THR1,YHR025W
VMA16,YHR026W
PUT2,YHR037W
VMA10,YHR039C-A
NCP1,YHR042W
INM1,YHR046C
COX6,YHR051W
PAN5,YHR063C
HTD2,YHR067W
DYS1,YHR068W
ERG7,YHR072W
QNS1,YHR074W
MSR1,YHR091C
HXT4,YHR092C
HXT1,YHR094C
HXT5,YHR096C
GEP4,YHR100C
GRE3,YHR104W
TRR2,YHR106W
EPT1,YHR123W
FUR1,YHR128W
ARO9,YHR137W
DCD1,YHR144C
MPC2,YHR162W
SOL3,YHR163W
ENO2,YHR174W
GND1,YHR183W
ERG9,YHR190W
BAT1,YHR208W
IMD2,YHR216W
INP51,YIL002C
YIA6,YIL006W
FAA3,YIL009W
DOT5,YIL010W
PDR11,YIL013C
HIS6,YIL020C
GPP1,YIL053W
RNR3,YIL066C
SER33,YIL074C
THS1,YIL078W
CAB2,YIL083C
LYS12,YIL094C
SGA1,YIL099W
PFK26,YIL107C
COX5B,YIL111W
HIS5,YIL116W
AYR1,YIL124W
KGD1,YIL125W
FLX1,YIL134W
PAN6,YIL145C
GUT2,YIL155C
POT1,YIL160C
SUC2,YIL162W
IMA3,YIL172C
DAL1,YIR027C
DAL4,YIR028W
DAL2,YIR029W
DAL7,YIR031C
DAL3,YIR032C
LYS1,YIR034C
HYR1,YIR037W
CYR1,YJL005W
RNR2,YJL026W
YJL045W,YJL045W
TDH1,YJL052W
BNA3,YJL060W
YJL068C,YJL068C
ARG2,YJL071W
ARG3,YJL088W
GWT1,YJL091C
PHS1,YJL097W
LSB6,YJL100W
GSH1,YJL101C
RPE1,YJL121C
TRK1,YJL129C
URA2,YJL130C
LCB3,YJL134W
GLG2,YJL137C
YUR1,YJL139C
INO1,YJL153C
FBP26,YJL155C
QCR8,YJL166W
ERG20,YJL167W
ELO1,YJL196C
PHO90,YJL198W
OPT1,YJL212C
HXT8,YJL214W
IMA5,YJL216C
HXT9,YJL219W
IMA4,YJL221C
AVT1,YJR001W
TDH2,YJR009C
MET3,YJR010W
GPI14,YJR013W
ILV3,YJR016C
TES1,YJR019C
BNA1,YJR025C
CYC1,YJR048W
UTR1,YJR049C
CDC8,YJR057W
OPI3,YJR073C
MIR1,YJR077C
BNA2,YJR078W
SFC1,YJR095W
URA8,YJR103W
ADO1,YJR105W
CPA2,YJR109C
YMR1,YJR110W
ATP2,YJR121W
STR2,YJR130C
XPT1,YJR133W
MET5,YJR137C
HOM6,YJR139C
PMT4,YJR143C
BAT2,YJR148W
DAL5,YJR152W
PGU1,YJR153W
HXT16,YJR158W
SOR1,YJR159W
MPH3,YJR160C
MET14,YKL001C
AUR1,YKL004W
LAC1,YKL008C
ATP7,YKL016C
RAM2,YKL019W
URA6,YKL024C
GPX1,YKL026C
MAE1,YKL029C
UGP1,YKL035W
OAR1,YKL055C
FBA1,YKL060C
YNK1,YKL067W
VMA5,YKL080W
MDH1,YKL085W
CAB3,YKL088W
YJU3,YKL094W
GFA1,YKL104C
AAT1,YKL106W
OAC1,YKL120W
PGM1,YKL127W
RMA1,YKL132C
TGL1,YKL140W
SDH3,YKL141W
AVT3,YKL146W
SDH1,YKL148C
GPM1,YKL152C
MCD4,YKL165C
TPO5,YKL174C
PRS1,YKL181W
FAS1,YKL182W
SPE1,YKL184W
PXA2,YKL188C
ACP1,YKL192C
MST1,YKL194C
TRP3,YKL211C
SAC1,YKL212W
URA1,YKL216W
JEN1,YKL217W
FOX2,YKR009C
SPO14,YKR031C
GAP1,YKR039W
SHB17,YKR043C
YSR3,YKR053C
GLG1,YKR058W
KTR2,YKR061W
CCP1,YKR066C
GPT2,YKR067W
MET1,YKR069W
SIS2,YKR072C
MTD1,YKR080W
TGL4,YKR089C
PCK1,YKR097W
YEH1,YLL012W
BPT1,YLL015W
DPS1,YLL018C
TPO1,YLL028W
GPI13,YLL031C
SDH2,YLL041C
FPS1,YLL043W
YBT1,YLL048C
AQY2,YLL052C
JLP1,YLL057C
MMP1,YLL061W
MHT1,YLL062C
LOT6,YLR011W
MEU1,YLR017W
YEH2,YLR020C
AAT2,YLR027C
ADE16,YLR028C
COX12,YLR038C
TRX1,YLR043C
PDC1,YLR044C
ERG3,YLR056W
SHM2,YLR058C
FRS1,YLR060W
XYL2,YLR070C
GAL2,YLR081W
ALT1,YLR089C
SUL2,YLR092W
ERG27,YLR100W
AHP1,YLR109W
CKI1,YLR133W
PDC5,YLR134W
NHA1,YLR138W
PUT1,YLR142W
SPE4,YLR146C
ACS2,YLR153C
ASP3-1,YLR155C
ASP3-2,YLR157C
ASP3-3,YLR158C
ASP3-4,YLR160C
DPH5,YLR172C
IDP2,YLR174W
SAM1,YLR180W
ATG26,YLR189C
COQ9,YLR201C
PNP1,YLR209C
BNA5,YLR231C
THI7,YLR237W
VPS34,YLR240W
CDD1,YLR245C
GSY2,YLR258W
LCB5,YLR260W
ECI1,YLR284C
NNT1,YLR285W
ATP14,YLR295C
ECM38,YLR299W
EXG1,YLR300W
MET17,YLR303W
ACO1,YLR304C
STT4,YLR305C
CDA1,YLR307W
CDA2,YLR308W
NMA1,YLR328W
FKS1,YLR342W
DIC1,YLR348C
TAL1,YLR354C
ILV5,YLR355C
ADE13,YLR359W
ELO3,YLR372W
FBP1,YLR377C
NAM2,YLR382C
VAC14,YLR386W
COX8,YLR395C
VIP1,YLR410W
URA4,YLR420W
IMD3,YLR432W
CAR2,YLR438W
VMA6,YLR447C
HMG2,YLR450W
GLO1,YML004C
ERG6,YML008C
APT1,YML022W
AMD1,YML035C
CAT2,YML042W
CYB2,YML054C
IMD4,YML056C
NTE1,YML059C
DAK1,YML070W
HMG1,YML075C
ATP18,YML081C-A
ALO1,YML086C
TSL1,YML100W
URA5,YML106W
COQ5,YML110C
NDI1,YML120C
PHO84,YML123C
ERG13,YML126C
PLB2,YMR006C
PLB1,YMR008C
ADI1,YMR009W
HXT2,YMR011W
SEC59,YMR013C
ERG5,YMR015C
FMS1,YMR020W
ARA2,YMR041C
STV1,YMR054W
AAC1,YMR056C
ARG7,YMR062C
ADH3,YMR083W
VBA1,YMR088C
SRT1,YMR101C
PGM2,YMR105C
ILV2,YMR108W
FOL3,YMR113W
ADE17,YMR120C
NDE1,YMR145C
PAH1,YMR165C
ALD3,YMR169C
ALD2,YMR170C
GCV2,YMR189W
ERG2,YMR202W
PFK2,YMR205C
HFA1,YMR207C
ERG12,YMR208W
GUA1,YMR217W
ERG8,YMR220W
YMR226C,YMR226C
YHM2,YMR241W
FAA4,YMR246W
GAD1,YMR250W
COX7,YMR256C
TPS3,YMR261C
PPA2,YMR267W
URA10,YMR271C
SCS7,YMR272C
PRM15,YMR278W
GPI12,YMR281W
ABZ2,YMR289W
HER2,YMR293C
LCB1,YMR296C
LIP1,YMR298W
ADE4,YMR300C
ADH2,YMR303C
TGL3,YMR313C
ADH6,YMR318C
FET4,YMR319C
PET8,YNL003C
IDP3,YNL009W
KTR5,YNL029C
IDH1,YNL037C
LAP2,YNL045W
COX5A,YNL052W
LAT1,YNL071W
MSK1,YNL073W
AVT4,YNL101W
LEU4,YNL104C
INP52,YNL106C
MLS1,YNL117W
NRK1,YNL129W
CPT1,YNL130C
AAH1,YNL141W
MEP2,YNL142W
PSD1,YNL169C
CHS1,YNL192W
SPS19,YNL202W
ADE12,YNL220W
ZWF1,YNL241C
YNL247W,YNL247W
FOL1,YNL256W
PIK1,YNL267W
LYP1,YNL268W
ALP1,YNL270C
MET2,YNL277W
ERG24,YNL280C
PUS4,YNL292W
PHA2,YNL316C
HXT14,YNL318C
FIG4,YNL325C
CIT1,YNR001C
LRO1,YNR008W
URK1,YNR012W
PHO91,YNR013C
ACC1,YNR016C
ARE2,YNR019W
ABZ1,YNR033W
COQ2,YNR041C
MVD1,YNR043W
LYS9,YNR050C
BIO5,YNR056C
BIO4,YNR057C
BIO3,YNR058W
DSE4,YNR067C
HXT17,YNR072W
PLB3,YOL011W
TAT2,YOL020W
MSE1,YOL033W
GSH2,YOL049W
SPE2,YOL052C
THI20,YOL055C
ARG1,YOL058W
GPD2,YOL059W
PRS5,YOL061W
MET22,YOL064C
INP54,YOL065C
RIB2,YOL066C
HST1,YOL068C
ADH1,YOL086C
COQ3,YOL096C
WRS1,YOL097C
ITR2,YOL103W
MDH2,YOL126C
PFK27,YOL136C
ARG8,YOL140W
RIB4,YOL143C
GRE2,YOL151W
HXT11,YOL156W
AUS1,YOR011W
HST3,YOR025W
GLO4,YOR040W
VHS3,YOR054C
CYT1,YOR065W
NRT1,YOR071C
CDC21,YOR074C
TGL5,YOR081C
RKI1,YOR095C
KTR1,YOR099W
CRC1,YOR100C
LEU9,YOR108W
INP53,YOR109W
GCY1,YOR120W
CAT5,YOR125C
IAH1,YOR126C
ADE2,YOR128C
ORT1,YOR130C
IDH2,YOR136W
LSC1,YOR142W
THI80,YOR143C
ISN1,YOR155C
DDP1,YOR163W
GLN4,YOR168W
LCB4,YOR171C
ALE1,YOR175C
HEM15,YOR176W
DCI1,YOR180C
SER1,YOR184W
SPR1,YOR190W
THI72,YOR192C
HIS3,YOR202W
NPT1,YOR209C
MCT1,YOR221C
ODC2,YOR222W
DFR1,YOR236W
MET7,YOR241W
DGA1,YOR245C
VPH1,YOR270C
TPO4,YOR273C
HEM4,YOR278W
CPA1,YOR303W
DGK1,YOR311C
FAA1,YOR317W
PMT3,YOR321W
PRO2,YOR323C
VMA4,YOR332W
ALA1,YOR335C
PYK2,YOR347C
PUT4,YOR348C
PDE2,YOR360C
ALD4,YOR374W
GDH1,YOR375C
ATF1,YOR377W
FDH1,YOR388C
HST2,YPL015C
MET12,YPL023C
ERG10,YPL028W
PMA2,YPL036W
ISM1,YPL040C
KTR6,YPL053C
SUR1,YPL057C
GRX5,YPL059W
ALD6,YPL061W
BTS1,YPL069C
ATP4,YPL078C
YDC1,YPL087W
GLR1,YPL091W
SSU1,YPL092W
MSY1,YPL097W
MSD1,YPL104W
GDE1,YPL110C
CAR1,YPL111W
IDI1,YPL117C
ODC1,YPL134C
PXA1,YPL147W
PPT2,YPL148C
CDC60,YPL160W
COX10,YPL172C
POS5,YPL188W
GUP2,YPL189W
PGC1,YPL206C
PUS1,YPL212C
THI6,YPL214C
FAS2,YPL231W
VMA11,YPL234C
HUT1,YPL244C
YAH1,YPL252C
THI21,YPL258C
FUM1,YPL262W
DIP5,YPL265W
PLC1,YPL268W
ATP15,YPL271W
SAM4,YPL273W
SAM3,YPL274W
CIT3,YPR001W
PDH1,YPR002W
ICL2,YPR006C
ATP20,YPR020W
AGC1,YPR021C
ATH1,YPR026W
HTS1,YPR033C
GLN1,YPR035W
VMA13,YPR036W
MSF1,YPR047W
ARO7,YPR060C
FCY1,YPR062W
SPE3,YPR069C
TKL1,YPR074C
GRS2,YPR081C
PIS1,YPR113W
THI22,YPR121W
ANT1,YPR128C
MEP3,YPR138C
TAZ1,YPR140W
ASN1,YPR145W
TPO3,YPR156C
KRE6,YPR159W
GPH1,YPR160W
MET16,YPR167C
DPM1,YPR183W
GDB1,YPR184W
QCR2,YPR191W
AQY1,YPR192W
PHO12,YHR215W
FET3,YMR058W
PAD1,YDR538W
FDC1,YDR539W
MDE1,YJR024C
MRI1,YPR118W
NAT1,YDL040C
NAT2,YGR147C
ARD1,YHR013C
THI5,YFL058W
PAA1,YDR071C
IRC7,YFR055W
FAP7,YDL166C
DAS2,YDR020C
VMA9,YCL005W-A
ATP12,YJL180C
ATP10,YLR393W
ATP11,YNL315C
ATP19,YOL077W-A
HAM1,YJR069C
YLL058W,YLL058W
YML082W,YML082W
YLR345W,YLR345W
YLR446W,YLR446W
YMR084W,YMR084W
HFD1,YMR110C
URE2,YNL229C
BUD17,YNR027W
YPQ1,YOL092W
ERR3,YMR323W
ERR1,YOR393W
ERR2,YPL281C
YBR241C,YBR241C
VPS73,YGL104C
POF1,YCL047C
COX15,YER141W
YHL012W,YHL012W
SNO3,YFL060C
COX20,YDR231C
COX18,YGR062C
COX23,YHR116W
COX16,YJL003W
COX19,YLL018C-A
COX11,YPL132W
CIN10,YDR387C
ATG15,YCR068W
FUN12,YAL035W
DNM1,YLL001W
NCE103,YNL036W
FKS3,YMR306W
AQY3,YFL054C
TMS1,YDR105C
NHX1,YDR456W
NTH2,YBR001C
DIA3,YDL024C
SOR2,YDL246C
AMD2,YDR242W
APT2,YDR441C
ACO2,YJL200C
YOR283W,YOR283W
NQM1,YGR043C
SHH4,YLR164W
SNO2,YNL334C
CYC3,YAL039C
CYT2,YKL087C
BDH2,YAL061W
PET112,YBL080C
MAP2,YBL091C
MAP1,YLR244C
POA1,YBR022W
YMR087W,YMR087W
ZTA1,YBR046C
ALG14,YBR070C
ALG13,YGL047W
YSA1,YBR111C
RTC2,YBR147W
YPQ2,YDR352W
PCS60,YBR222C
ROT2,YBR229C
VHC1,YBR235W
ALG7,YBR243C
DUG2,YBR281C
DUG3,YNL191W
PCA1,YBR295W
NFS1,YCL017C
ADP1,YCR011C
AAD3,YCR107W
AAD4,YDL243C
AAD10,YJR155W
AAD14,YNL331C
AAD15,YOL165C
YPL088W,YPL088W
SPF1,YEL031W
DSF1,YEL070W
MAN2,YNR073C
YER010C,YER010C
MXR1,YER042W
AIM10,YER087W
GCG1,YER163C
YHL018W,YHL018W
SOD2,YHR008C
DOG2,YHR043C
DOG1,YHR044C
CTM1,YHR109W
DOT1,YDR440W
SET1,YHR119W
SET2,YJL168C
YKE4,YIL023C
ZRC1,YMR243C
COT1,YOR316C
CBR1,YIL043C
PGA3,YML125C
MCR1,YKL150W
IRC24,YIR036C
GTT1,YIR038C
ECM4,YKR076W
GTO3,YMR251W
GTT2,YLL060C
YKL069W,YKL069W
APE1,YKL103C
OXP1,YKL215C
SRY1,YKL218C
GTO1,YGR154C
DDI2,YFL061W
DDI3,YNL335W
SNZ3,YFL059W
SNZ2,YNL333W
DUG1,YFR044C
YFH1,YDL120W
DTD1,YDL219W
PHO13,YDL236W
GAL3,YDR009W
EHD3,YDR036C
ENA5,YDR038C
ENA2,YDR039C
ENA1,YDR040C
DET1,YDR051C
YOL075C,YOL075C
ALT2,YDR111C
YDR248C,YDR248C
STE14,YDR410C
GPI19,YDR437W
GPI1,YGR216C
GPI15,YNL038W
GPI2,YPL076W
ERI1,YPL096C-A
SPT14,YPL175W
EMI2,YDR516C
HSP31,YDR533C
SNO4,YMR322C
HSP33,YOR391C
HSP32,YPL280W
PMC1,YGL006W
PMR1,YGL167C
ATE1,YGL017W
STT3,YGL022W
CWH41,YGL027C
OCH1,YGL038C
ALG2,YGL065C
AMS1,YGL156W
SUA5,YGL169W
DSD1,YGL196W
MCY1,YGR012W
CAX4,YGR036C
TAM41,YGR046W
THI4,YGR144W
DIE2,YGR227W
YHB1,YGR234W
AIM22,YJL046W
NIT2,YJL126W
GEF1,YJR040W
OSM1,YJR051W
SOD1,YJR104C
MNS1,YJR131W
MNL2,YLR057W
YJR149W,YJR149W
FRE2,YKL220C
FRE8,YLR047C
FRE1,YLR214W
FRE4,YNR060W
FRE7,YOL152W
FRE3,YOR381W
FRE5,YOR384W
FRE6,YLL051C
ICT1,YLR099C
LOA1,YPR139C
DPH6,YLR143W
PCD1,YLR151C
LIP2,YLR239C
YMR099C,YMR099C
DNF3,YMR162C
MGL2,YMR210W
ALG11,YNL048W
YNL092W,YNL092W
ALG9,YNL219C
GOR1,YNL274C
ALG12,YNR030W
IMA2,YOL157C
ALG6,YOR002W
ALG8,YOR067C
SMP3,YOR149C
LIP5,YOR196C
ISU2,YOR226C
ISU1,YPL135W
TUM1,YOR251C
RDL1,YOR285W
RDL2,YOR286W
MRS2,YOR334W
MFM1,YPL060W
ALG5,YPL227C
YPR003C,YPR003C
YPR127W,YPR127W
CTS2,YDR371W
CTS1,YLR286C
PNS1,YOR161C
PPN1,YDR452W
PPX1,YHR201C
CCC2,YDR270W
NIT3,YLR351C
ATM1,YMR301C
YEA4,YEL004W
HPA3,YEL066W
SMF1,YOL122C
BOR1,YNL275W
ZRT1,YGL255W
ZRT2,YLR130C
ALR1,YOL130W
AQR1,YNL065W
PTR2,YKR093W
DNF2,YDR093W
MCH5,YOR306C
YPR011C,YPR011C
YLL053C,YLL053C
MRS3,YJL133W
MRS4,YKR052C
YMC1,YPR058W
NEO1,YIL048W
DRS2,YAL026C
EHT1,YBR177C
EEB1,YPL095C
EAT1,YGR015C
